"pathway","pval","padj","log2err","ES","NES","size","leadingEdge","timepoint","celltype","sample","info"
"HALLMARK_MITOTIC_SPINDLE",0.00100375757194339,0.0167292928657232,0.45505986738723,0.715775355314181,1.41857580694024,199,"DOCK2;FGD4;NOTCH2;RASA1;CCDC88A;NEDD9;ARHGEF3;CNTRL;TRIO;AKAP13;NIN;SSH2;VCL;ROCK1;TIAM1;PREX1;NCK2;APC;TUBGCP3;NF1;RABGAP1;PDLIM5;CLASP1;CEP192;ITSN1;SOS1;RAB3GAP1;ABR;DOCK4;WASF2;CDK5RAP2;ARHGEF11;PCM1;STK38L;KIF1B;FGD6;HOOK3;ABI1;MYO1E;MYH9;DST;ARHGEF2;WASL;ARFGEF1;ABL1;RAPGEF6;DLG1;KIFAP3;KLC1;CLIP1;SEPTIN9;MYO9B;MARCKS;NUMA1;TUBGCP2;ARHGAP27;TLK1;PCGF5;RICTOR;ALMS1;ARHGAP4;CKAP5;TSC1;EPB41L2;PKD2;ARHGAP5;PCNT;LRPPRC;ARHGAP10;ARHGEF7;RANBP9;ALS2;MARK4;OPHN1;CEP250;RFC1;KNTC1;TBCD;PPP4R2;ARHGEF12;TUBD1;HDAC6;MYH10;BCL2L11;GSN;RASAL2;CLIP2;CEP57;TUBGCP5;PALLD","Immediately Post-flight","PBMC","PBMC","Hallmark"
"HALLMARK_MYC_TARGETS_V1",1.65594656222704e-10,8.2797328111352e-09,0.826657301178302,-0.823357032082796,-1.97329548541471,196,"RPS2;RPL34;RPS3;RPL18;RPS6;RPS5;RPL14;RPL6;RPLP0;RACK1;EEF1B2;RPL22;RPS10;PABPC1;PPIA;HSP90AB1;NPM1;HNRNPA1;SET;HNRNPC;GSPT1;EIF4A1;PSMA7;NAP1L1;SNRPD2;DDX21;SRSF7;XRCC6;SLC25A3;RAN;LSM7;HSPE1;SNRPD1;PSMB3;TRA2B;EIF1AX;PSMA2;UBE2L3;COX5A;RRM1;PTGES3;CTPS1;PSMD8;SNRPA1;PHB2;SRSF3;PSMD7;PPM1G;EIF3D;YWHAQ;NHP2;TUFM;SERBP1;MCM6;SNRPB2;C1QBP;EIF4H;SNRPG;DDX18;LDHA;RNPS1;ERH;NDUFAB1;CCT4;FBL;IFRD1;PHB;PCBP1;SSBP1;CYC1;RANBP1;CCT2;PGK1;LSM2;CCT7;MRPL23;SSB;ILF2;DUT;KPNA2;SRSF2;ODC1;MRPL9;TXNL4A;EIF4E;PSMB2;ETF1;PCNA;EIF3B;PSMC4;SRM;PRPF31;IMPDH2;PSMA4","Immediately Post-flight","PBMC","PBMC","Hallmark"
"HALLMARK_OXIDATIVE_PHOSPHORYLATION",8.07401086008115e-05,0.00201850271502029,0.538434096309916,-0.679771917145514,-1.62204617051134,200,"COX4I1;COX7C;ATP5F1E;UQCRB;ATP5MG;SLC25A6;COX6A1;COX6C;NDUFA4;ATP5MC2;ATP6V1G1;LDHB;COX7A2;COX6B1;COX8A;UQCR11;ATP5F1D;COX5B;NDUFA1;NDUFB8;HSPA9;NDUFC2;NDUFB7;UQCRH;ATP5MC3;ATP6V0C;SLC25A3;NDUFB2;SLC25A5;ATP5PO;COX7B;GPX4;CYCS;ATP5MF;UQCR10;COX5A;NDUFS6;NDUFS7;ATP5ME;NDUFA3;UQCRQ;PHB2;UQCRC2;UQCRFS1;ATP6V0E1;MDH2;ATP5PF;NDUFA2;NDUFV2;ISCA1;NDUFA6;NDUFB4;ATP6V1F;ATP5MC1;LDHA;ATP5F1A;TOMM22;NDUFAB1;ATP5F1B;ATP6V0B;ECH1;MDH1;ATP5PD;BAX;ETFB;MGST3;ISCU;SUPV3L1;SDHB;CYC1;VDAC2;NDUFS8;MRPS12;HSD17B10;NDUFA7;TIMM13;NDUFC1;POLR2F;NDUFB3;SURF1;NDUFA5;MRPL11;NDUFV1;MRPL34;ATP5PB;TIMM17A;NDUFB6;TIMM10;NDUFS3;MRPS15;UQCRC1;ATP5F1C;IDH3G;COX7A2L;IDH2;ECHS1;DLST;NDUFB1;NDUFA9;SDHA;TIMM9;NDUFA8;SLC25A11;GRPEL1","Immediately Post-flight","PBMC","PBMC","Hallmark"
"HALLMARK_UV_RESPONSE_DN",0.00232601158908429,0.0290751448635536,0.431707695803346,0.723897287547483,1.37759592478312,140,"ATP2B1;NOTCH2;RUNX1;PTEN;NEK7;SIPA1L1;INPP4B;MAPK14;CELF2;ADD3;PRKCE;MAP2K5;IGF1R;ATXN1;SMAD3;WDR37;PDLIM5;ZMIZ1;ATRN;SPOP;ACVR2A;ATP2C1;MGMT;NIPBL;SYNE1;LPAR1;BCKDHB;ATRX;CDK13;ANXA2;PHF3;DLG1;GCNT1;ANXA4;PRKCA;TENT4A;PRKAR2B;RXRA;VAV2;MIOS;ATP2B4;MRPS31;DYRK1A;BMPR1A;TGFBR2;NR3C1;ARHGEF9;AGGF1;PTPRM;PIK3CD;PEX14;TOGARAM1;AMPH;AKT3;LAMC1;DMAC2L;ITGB3;SDC2","Immediately Post-flight","PBMC","PBMC","Hallmark"
"HALLMARK_E2F_TARGETS",0.000987593461015729,0.0148224531713404,0.45505986738723,-0.696557505271521,-1.55230917550576,198,"NAP1L1;PSIP1;SNRPB;RAN;CDKN1B;GSPT1;HMGB2;RAD21;MCM6;SMC3;LYAR;ANP32E;DUT;ATAD2;CNOT9;TMPO;XRCC6;NASP;MYC;RANBP1;NUP153;STAG1;LBR;STMN1;PCNA;DCK;EED;ASF1A;XPO1;CTPS1;RBBP7;CTCF;NUP205;PRKDC;LMNB1;EXOSC8;SMC1A;PRIM2;POLE4;RFC1;MLH1;SRSF1;MTHFD2;NAA38;USP1;PRPS1;PHF5A;CBX5;POP7;JPT1;NME1;HUS1;NUDT21;PRDX4;UBE2S;HELLS;TUBB;PDS5B;RAD51C;RPA1;MCM3;PPP1R8;PTTG1;SMC4;PA2G4;EIF2S1;CKS1B;DEK;SYNCRIP;RPA2;SRSF2;CDK4;BARD1;MAD2L1;RRM2;NOLC1;SSRP1;CDKN2C;CHEK1;MRE11;RPA3;CENPM","Long-term Post-flight","PBMC","PBMC","Hallmark"
"HALLMARK_ESTROGEN_RESPONSE_EARLY",0.00571490448163272,0.047624204013606,0.407017918923954,0.663764906186543,1.43466402932648,191,"GAB2;CD44;MED13L;RAB31;NCOR2;RRP12;SVIL;JAK2;FOS;BCL2;TIAM1;KDM4B;BCL11B;ITPK1;NRIP1;FAM102A;AFF1;TMEM164;SH3BP5;B4GALT1;KLF4;IGF1R;RETREG1;KLF10;ABAT;RARA;PAPSS2;MYOF;RPS6KA2;PPIF;FKBP5;CHPT1;ADCY9;SIAH2;CBFA2T3;NADSYN1;SLC37A1;ABHD2;BLVRB;SLC24A3;ALDH3B1;INPP5F;TGIF2;ISG20L2;RBBP8","Long-term Post-flight","PBMC","PBMC","Hallmark"
"HALLMARK_INFLAMMATORY_RESPONSE",0.00118579625370723,0.0148224531713404,0.45505986738723,0.702859703183057,1.52078822394389,193,"NAMPT;ATP2B1;LYN;CSF3R;PTPRE;AHR;PIK3R5;TLR2;PLAUR;CYBB;IFNGR2;LCP2;HIF1A;SEMA4D;RNF144B;KLF6;TNFRSF1B;RIPK2;PSEN1;CD14;NLRP3;SGMS2;AQP9;C5AR1;IL1B;NFKB1;IL15;GCH1;KIF1B;IRF1;MXD1;PTAFR;CXCL8;ACVR1B;FPR1;IL4R;SLC31A2;ITGA5;GPR132;ICAM1;ABCA1;LPAR1;P2RX4;P2RX7;EREG;ATP2A2;NOD2;LDLR;STAB1;CD82;PDE4B;GABBR1;IL10RA;NFKBIA;RAF1;GNA15;PROK2;MSR1;SLC31A1;BEST1;HBEGF;IL15RA;CALCRL;TLR1;SLC7A1;PTGIR;MEFV","Long-term Post-flight","PBMC","PBMC","Hallmark"
"HALLMARK_MYC_TARGETS_V1",4.12124666601058e-08,2.06062333300529e-06,0.719512826338911,-0.832598146167875,-1.85569676675181,196,"RPS3;RPL18;RPS2;RPS6;RPS5;RPL34;RPL14;RPL6;EEF1B2;RPLP0;RACK1;RPL22;HNRNPC;RPS10;PPIA;NPM1;HSP90AB1;HNRNPA2B1;NAP1L1;HNRNPA1;SET;HNRNPR;SNRPD2;SLC25A3;SSBP1;RAN;SERBP1;GSPT1;HSPE1;PSMA7;LSM7;SRSF3;CNBP;PSMA2;HNRNPA3;MCM6;COX5A;PTGES3;SNRPD1;G3BP1;PSMB3;ERH;C1QBP;SNRPB2;DUT;DDX18;SRSF7;SNRPG;BUB3;PSMD8;NHP2;PHB2;PPM1G;NDUFAB1;RRM1;LDHA;CCT3;PSMB2;PSMA4;EIF4G2;HSPD1;XRCC6;MYC;CCT7;RANBP1;PSMD7;ODC1;SSB;NCBP1;TUFM;SF3B3;EIF3D;PHB;CCT4;PCNA;MRPL9;ABCE1;CYC1;LSM2;ACP1;GNL3;XPO1;COPS5;CTPS1;EIF4E;PSMD14;EIF2S2;SNRPA1;APEX1;EIF4H;MRPL23;SNRPD3;TARDBP;PSMC4;TCP1;SRSF1;NCBP2;ILF2;USP1;SNRPA;FBL;PWP1;CLNS1A;CBX3;CANX","Long-term Post-flight","PBMC","PBMC","Hallmark"
"HALLMARK_OXIDATIVE_PHOSPHORYLATION",7.47905107690943e-06,0.000186976276922736,0.610526878385931,-0.776879038368212,-1.7291860249329,200,"COX7C;COX4I1;NDUFA4;COX6C;LDHB;UQCRB;COX6A1;ATP5F1E;COX7A2;ATP6V1G1;ATP5MG;ATP5MC2;COX8A;COX6B1;NDUFV2;COX5B;ATP5MC3;SLC25A6;NDUFA1;NDUFB8;UQCR11;SLC25A3;NDUFB2;NDUFC2;COX7B;ATP5F1D;UQCRH;NDUFB7;ATP5PO;LRPPRC;SLC25A5;ATP5PF;ATP5F1C;ATP6V0E1;ATP5MF;UQCR10;MDH1;NDUFB4;UQCRFS1;COX5A;ATP5F1A;GPX4;ATP5MC1;ATP5PD;MDH2;ISCA1;NDUFS7;CYCS;NDUFA3;UQCRQ;MGST3;ECH1;ATP5PB;NDUFA2;PHB2;NDUFAB1;ATP5F1B;NDUFA7;NDUFA6;LDHA;NDUFA5;ATP6V1F;ISCU;UQCRC2;TOMM22;NDUFC1;MRPS30;ATP6V1H;BAX;SUPV3L1;NDUFS6;NDUFB3;HSD17B10;NDUFS4;NDUFB1;SUCLG1;NDUFS8;ETFB;SUCLA2;ATP5ME;DLD;CYC1;TIMM9;MRPS12;NDUFA9;NDUFB6;MRPL34;VDAC2;NDUFV1;ATP6V1E1;MRPS22;COX7A2L;SDHA;COX17;NDUFB5;MRPL11;SURF1;PDHB;POLR2F;TIMM13;OPA1;TIMM8B;TIMM10;IDH3G;NDUFA8;ATP6V0C;NDUFS1;HSPA9;MRPS15;SDHD;NDUFS2;ACAA2;NDUFS3;VDAC3;CYB5A;ECHS1;PHYH;BDH2;FH;COX11","Long-term Post-flight","PBMC","PBMC","Hallmark"
"HALLMARK_TNFA_SIGNALING_VIA_NFKB",0.00463729007082911,0.0463729007082911,0.407017918923954,0.671234249198192,1.46158973355146,197,"NAMPT;ATP2B1;PTPRE;SAT1;KYNU;TNFAIP2;TLR2;PLAUR;CD44;IFNGR2;CD83;SLC2A3;MCL1;TANK;SMAD3;DENND5A;KLF6;TNFAIP8;RIPK2;IRS2;FOS;FOSB;BCL6;NFAT5;PLEK;SGK1;IL1B;NFKB1;SQSTM1;GCH1;MARCKS;DUSP1;PER1;IRF1;MXD1;NFIL3;PFKFB3;ETS2;TRIB1;B4GALT1;SOD2;KLF4;CCNL1;FOSL1;KLF10;ICAM1;ABCA1;CFLAR;RELB;PDLIM5;KDM6B;MAP2K3;EGR1;G0S2;CEBPD;LDLR;EHD1;PDE4B;IER3;PPP1R15A;B4GALT5;NFKB2;RNF19B;DRAM1;NINJ1;NFKBIA;STAT5A;TNIP1;FOSL2;SLC2A6;PTGS2;HBEGF;SLC16A6;ATF3;IL15RA","Long-term Post-flight","PBMC","PBMC","Hallmark"
"HALLMARK_MITOTIC_SPINDLE",0.000540599575112884,0.00900999291854807,0.477270815362862,0.724068787261429,1.40231648678858,199,"ARHGEF3;RASA1;NCK2;CNTRL;DOCK2;NIN;NEDD9;PCGF5;CEP192;CLASP1;RAPGEF6;EPB41;CDK5RAP2;APC;PREX1;TUBGCP3;AKAP13;KIFAP3;SEPTIN9;PCM1;VCL;RASA2;MYH9;SOS1;ARFGEF1;RICTOR;RAB3GAP1;RABGAP1;ROCK1;DLG1;NF1;ABI1;ARHGAP5;ALMS1;TIAM1;PDLIM5;NUMA1;TLK1;ABL1;NOTCH2;CKAP5;CD2AP;WASF2;SSH2;ARHGEF7;WASL;CCDC88A;PCNT;LRPPRC;KLC1;TSC1;SUN2;SPTAN1;ARHGAP4;RFC1;RANBP9;TUBGCP5;BCR;TUBD1;ARHGEF2;CEP57;DYNC1H1;TBCD;CEP250;CAPZB;SPTBN1;ABR;KNTC1;DST;ARHGEF12;RALBP1;PKD2;ALS2;TUBGCP2;MARCKS;NCK1;MYH10;HDAC6;HOOK3;FLNB;MARK4;PPP4R2;KIF22;SMC4;KATNA1;STK38L;EPB41L2;BCL2L11;TRIO;SMC3;TUBGCP6;PAFAH1B1","Immediately Post-flight","CD4 T","PBMC","Hallmark"
"HALLMARK_MYC_TARGETS_V1",5.09705264135835e-08,2.54852632067917e-06,0.719512826338911,-0.788236285706183,-1.89882370567907,196,"RPS2;RPL34;RPS3;RPL18;RPS6;RPS5;RPL14;RPL6;RACK1;RPLP0;EEF1B2;RPL22;PABPC1;RPS10;DDX21;PPIA;NPM1;HNRNPA1;HSP90AB1;HNRNPC;GSPT1;EIF4A1;SNRPD2;XRCC6;NAP1L1;SLC25A3;PSMA7;SET;RAN;HSPE1;LSM7;RRM1;ETF1;PSMB3;PSMA2;SNRPD1;UBE2L3;PSMD7;SRSF7;TRA2B;PTGES3;COX5A;PHB2;DDX18;EIF3D;SNRPA1;EIF1AX;TUFM;LDHA;NHP2;C1QBP;PGK1;NDUFAB1;SNRPG;PSMD8;RNPS1;MCM6;IFRD1;EIF4H;CCT4;PPM1G;FBL;SNRPB2;YWHAQ;MRPL23;ERH;GLO1;PHB;PSMB2;KPNA2;RANBP1;CYC1;LSM2;CNBP;ILF2","Immediately Post-flight","CD4 T","PBMC","Hallmark"
"HALLMARK_OXIDATIVE_PHOSPHORYLATION",0.00101610215055283,0.0127012768819104,0.45505986738723,-0.653930073560531,-1.58722052826914,200,"COX4I1;COX7C;ATP5F1E;UQCRB;SLC25A6;COX6A1;ATP5MG;COX6C;ATP5MC2;NDUFA4;ATP6V1G1;COX7A2;COX6B1;LDHB;COX8A;ATP5F1D;UQCR11;COX5B;NDUFA1;SLC25A3;HSPA9;NDUFB8;NDUFC2;ATP5MC3;UQCRH;ATP5PO;GPX4;CYCS;NDUFB7;SLC25A5;ATP6V0C;COX7B;NDUFB2;ATP5MF;NDUFS6;UQCRC2;UQCR10;ATP6V0E1;COX5A;PHB2;SDHB;NDUFS7;ATP5ME;UQCRQ;NDUFA3;NDUFB4;NDUFA2;LDHA;ATP5MC1;VDAC2;NDUFAB1;MDH2;ATP5PF;UQCRFS1;ISCA1;NDUFA6;ATP6V1F;TOMM22;ATP5PD;ETFB;MGST3;ATP6V0B;GLUD1;MRPS12;TIMM17A;HSD17B10;NDUFA7;NDUFB3;NDUFS8;ATP5F1A;NDUFA5;ISCU;SURF1;ATP5F1B;ATP6V1E1;CYC1;ECH1;NDUFB1;MRPL11;TIMM13;COX7A2L;UQCRC1;ACO2;MRPL34;TIMM10;NDUFV2;SUPV3L1;NDUFC1;POLR2F;DLST;TIMM9;BAX;MDH1;ATP5PB;MRPS15;IDH3G","Immediately Post-flight","CD4 T","PBMC","Hallmark"
"HALLMARK_UV_RESPONSE_DN",2.32377252927195e-05,0.000580943132317988,0.575610261071129,0.777762377435587,1.46137496430185,140,"RUNX1;INPP4B;NEK7;ADD3;IGF1R;CELF2;PRKCA;PTEN;SYNE1;AKT3;ATP2B1;MAP2K5;SMAD3;MGMT;ATXN1;BCKDHB;WDR37;ACVR2A;ATP2C1;FYN;ATRX;MAPK14;RASA2;NIPBL;PHF3;SPOP;NFKB1;DLG1;ATRN;PDLIM5;CDK13;ATP2B4;PTPRM;NOTCH2;TENT4A;BMPR1A;PEX14;PRKCE;DYRK1A;PIK3CD;MRPS31;TGFBR2;AGGF1;KALRN;SFMBT1;ARHGEF9;ZMIZ1;TOGARAM1;PRKAR2B;AMPH","Immediately Post-flight","CD4 T","PBMC","Hallmark"
"HALLMARK_MITOTIC_SPINDLE",0.000178397904012152,0.00297329840020253,0.518848077743792,0.724068787261429,1.40041515993807,199,"ARHGEF3;RASA1;NCK2;CNTRL;DOCK2;NIN;NEDD9;PCGF5;CEP192;CLASP1;RAPGEF6;EPB41;CDK5RAP2;APC;PREX1;TUBGCP3;AKAP13;KIFAP3;SEPTIN9;PCM1;VCL;RASA2;MYH9;SOS1;ARFGEF1;RICTOR;RAB3GAP1;RABGAP1;ROCK1;DLG1;NF1;ABI1;ARHGAP5;ALMS1;TIAM1;PDLIM5;NUMA1;TLK1;ABL1;NOTCH2;CKAP5;CD2AP;WASF2;SSH2;ARHGEF7;WASL;CCDC88A;PCNT;LRPPRC;KLC1;TSC1;SUN2;SPTAN1;ARHGAP4;RFC1;RANBP9;TUBGCP5;BCR;TUBD1;ARHGEF2;CEP57;DYNC1H1;TBCD;CEP250;CAPZB;SPTBN1;ABR;KNTC1;DST;ARHGEF12;RALBP1;PKD2;ALS2;TUBGCP2;MARCKS;NCK1;MYH10;HDAC6;HOOK3;FLNB;MARK4;PPP4R2;KIF22;SMC4;KATNA1;STK38L;EPB41L2;BCL2L11;TRIO;SMC3;TUBGCP6;PAFAH1B1","Long-term Post-flight","CD4 T","PBMC","Hallmark"
"HALLMARK_MYC_TARGETS_V1",1.60355025452993e-07,8.01775127264963e-06,0.690132458796796,-0.788236285706183,-1.87978640957007,196,"RPS2;RPL34;RPS3;RPL18;RPS6;RPS5;RPL14;RPL6;RACK1;RPLP0;EEF1B2;RPL22;PABPC1;RPS10;DDX21;PPIA;NPM1;HNRNPA1;HSP90AB1;HNRNPC;GSPT1;EIF4A1;SNRPD2;XRCC6;NAP1L1;SLC25A3;PSMA7;SET;RAN;HSPE1;LSM7;RRM1;ETF1;PSMB3;PSMA2;SNRPD1;UBE2L3;PSMD7;SRSF7;TRA2B;PTGES3;COX5A;PHB2;DDX18;EIF3D;SNRPA1;EIF1AX;TUFM;LDHA;NHP2;C1QBP;PGK1;NDUFAB1;SNRPG;PSMD8;RNPS1;MCM6;IFRD1;EIF4H;CCT4;PPM1G;FBL;SNRPB2;YWHAQ;MRPL23;ERH;GLO1;PHB;PSMB2;KPNA2;RANBP1;CYC1;LSM2;CNBP;ILF2","Long-term Post-flight","CD4 T","PBMC","Hallmark"
"HALLMARK_OXIDATIVE_PHOSPHORYLATION",0.000851081065483083,0.0106385133185385,0.477270815362862,-0.653930073560531,-1.56612160699322,200,"COX4I1;COX7C;ATP5F1E;UQCRB;SLC25A6;COX6A1;ATP5MG;COX6C;ATP5MC2;NDUFA4;ATP6V1G1;COX7A2;COX6B1;LDHB;COX8A;ATP5F1D;UQCR11;COX5B;NDUFA1;SLC25A3;HSPA9;NDUFB8;NDUFC2;ATP5MC3;UQCRH;ATP5PO;GPX4;CYCS;NDUFB7;SLC25A5;ATP6V0C;COX7B;NDUFB2;ATP5MF;NDUFS6;UQCRC2;UQCR10;ATP6V0E1;COX5A;PHB2;SDHB;NDUFS7;ATP5ME;UQCRQ;NDUFA3;NDUFB4;NDUFA2;LDHA;ATP5MC1;VDAC2;NDUFAB1;MDH2;ATP5PF;UQCRFS1;ISCA1;NDUFA6;ATP6V1F;TOMM22;ATP5PD;ETFB;MGST3;ATP6V0B;GLUD1;MRPS12;TIMM17A;HSD17B10;NDUFA7;NDUFB3;NDUFS8;ATP5F1A;NDUFA5;ISCU;SURF1;ATP5F1B;ATP6V1E1;CYC1;ECH1;NDUFB1;MRPL11;TIMM13;COX7A2L;UQCRC1;ACO2;MRPL34;TIMM10;NDUFV2;SUPV3L1;NDUFC1;POLR2F;DLST;TIMM9;BAX;MDH1;ATP5PB;MRPS15;IDH3G","Long-term Post-flight","CD4 T","PBMC","Hallmark"
"HALLMARK_UV_RESPONSE_DN",1.83496967850335e-05,0.000458742419625838,0.575610261071129,0.777762377435587,1.44471232369994,140,"RUNX1;INPP4B;NEK7;ADD3;IGF1R;CELF2;PRKCA;PTEN;SYNE1;AKT3;ATP2B1;MAP2K5;SMAD3;MGMT;ATXN1;BCKDHB;WDR37;ACVR2A;ATP2C1;FYN;ATRX;MAPK14;RASA2;NIPBL;PHF3;SPOP;NFKB1;DLG1;ATRN;PDLIM5;CDK13;ATP2B4;PTPRM;NOTCH2;TENT4A;BMPR1A;PEX14;PRKCE;DYRK1A;PIK3CD;MRPS31;TGFBR2;AGGF1;KALRN;SFMBT1;ARHGEF9;ZMIZ1;TOGARAM1;PRKAR2B;AMPH","Long-term Post-flight","CD4 T","PBMC","Hallmark"
"HALLMARK_MITOTIC_SPINDLE",9.1107008262147e-05,0.00151845013770245,0.538434096309916,0.728382054378318,1.43672598138236,199,"ARHGEF3;RASA1;DOCK2;NCK2;CNTRL;RAPGEF6;SOS1;NIN;PCM1;CLASP1;AKAP13;PCGF5;CDK5RAP2;PREX1;NEDD9;VCL;CCDC88A;TUBGCP3;MYH9;RICTOR;CEP192;ARFGEF1;RASA2;SEPTIN9;ABI1;ABL1;SSH2;RAB3GAP1;PCNT;NF1;RABGAP1;KIFAP3;KLC1;APC;ALMS1;CEP57;DLG1;ROCK1;EPB41;ARHGAP4;ARHGAP5;LRPPRC;RFC1;WASL;TBCD;WASF2;SPTBN1;RANBP9;NUMA1;DYNC1H1;CD2AP;SPTAN1;TSC1;ARHGEF2;SUN2;PKD2;TUBD1;CKAP5;NOTCH2;TLK1;PDLIM5;STK38L;ARHGEF7;ARHGEF12;ALS2;TUBGCP5;MARCKS;KNTC1;HDAC6;CLIP1;TRIO;TIAM1;TUBGCP6;CEP250;BCL2L11;GSN;SMC1A;HOOK3;ARHGAP10;MYH10;CAPZB","Immediately Post-flight","CD8 T","PBMC","Hallmark"
"HALLMARK_MYC_TARGETS_V1",5.33651149028122e-08,2.66825574514061e-06,0.719512826338911,-0.780373645730473,-1.87876981659412,196,"RPS2;RPS3;RPL34;RPL18;RPS6;RPS5;RPL14;RPL6;RACK1;RPLP0;EEF1B2;RPL22;RPS10;PABPC1;PPIA;HSP90AB1;NPM1;HNRNPA1;HNRNPC;SNRPD2;GSPT1;SET;DDX21;EIF4A1;PSMA7;LSM7;NAP1L1;RAN;PSMD8;XRCC6;PSMB3;COX5A;EIF1AX;SLC25A3;SNRPD1;YWHAQ;NHP2;TRA2B;SRSF7;HSPE1;PHB2;IFRD1;RRM1;TUFM;SNRPB2;ERH;UBE2L3;MCM6;PSMA2;PGK1;SNRPG;PSMD7;RNPS1;CTPS1;ODC1;FBL;C1QBP;ETF1;LSM2;PTGES3;PPM1G;CYC1;SNRPA1;PHB;KPNA2;NDUFAB1;CCT7;RANBP1;EIF4E;PSMA4;LDHA;CCT4;PSMC4;MRPL23;SNRPA;MRPL9;PWP1;SRSF3;IMPDH2;PCNA;DUT;GLO1;EIF3D;PRPF31;POLE3;EIF4H;SRM;PCBP1;TXNL4A;DDX18;NME1","Immediately Post-flight","CD8 T","PBMC","Hallmark"
"HALLMARK_OXIDATIVE_PHOSPHORYLATION",0.000127811920329673,0.00159764900412091,0.518848077743792,-0.663366318650864,-1.60584115110252,200,"COX4I1;COX7C;UQCRB;ATP5MG;ATP5F1E;COX6A1;ATP6V1G1;SLC25A6;COX6C;NDUFA4;COX6B1;ATP5MC2;COX8A;COX7A2;LDHB;NDUFC2;NDUFA1;ATP5F1D;UQCR11;NDUFB8;HSPA9;COX5B;UQCRH;NDUFB7;ATP5MC3;NDUFB2;ATP6V0C;ATP5PO;SLC25A5;ATP5MF;NDUFV2;UQCR10;COX5A;SLC25A3;GPX4;NDUFS7;ATP6V0E1;NDUFA3;COX7B;ATP5PF;UQCRC2;UQCRQ;NDUFA2;PHB2;UQCRFS1;ATP6V1F;ATP5ME;MDH2;NDUFA6;CYCS;ATP5MC1;NDUFS6;NDUFB4;TOMM22;ISCA1;BAX;ATP6V0B;CYC1;MGST3;ATP5PD;HSD17B10;NDUFAB1;MRPS12;ATP5F1B;ISCU;SUPV3L1;ETFB;ATP5F1A;NDUFA5;ECH1;LDHA;TIMM13;NDUFS3;MRPL11;NDUFS8;NDUFA7;NDUFB3;SURF1;TIMM17A;NDUFA9;ECHS1;GRPEL1;SDHB;MDH1;NDUFC1;ATP5PB;NDUFB6;MRPL34;NDUFA8;VDAC2;TIMM10;MRPS15","Immediately Post-flight","CD8 T","PBMC","Hallmark"
"HALLMARK_UV_RESPONSE_DN",1.33374416642491e-05,0.000333436041606228,0.593325476396405,0.77529508344082,1.47781769598013,140,"RUNX1;NEK7;INPP4B;ADD3;SYNE1;IGF1R;CELF2;PTEN;BCKDHB;MAP2K5;ATRX;AKT3;MGMT;PRKCA;PHF3;ATP2C1;ATXN1;SMAD3;CDK13;MAPK14;NIPBL;TGFBR2;WDR37;RASA2;SPOP;PEX14;PIK3CD;ATP2B4;MAGI2;PTPRM;TENT4A;BMPR1A;ATP2B1;DLG1;TGFBR3;NFKB1;PRKCE;ATRN;SFMBT1;SIPA1L1;MRPS31;ARHGEF9;DYRK1A;NOTCH2;ACVR2A;PDLIM5;DMAC2L;FYN;AMPH;SYNJ2;GRK5;PRKAR2B","Immediately Post-flight","CD8 T","PBMC","Hallmark"
"HALLMARK_ESTROGEN_RESPONSE_EARLY",0.00324431143794935,0.0324431143794935,0.431707695803346,0.617010650449473,1.47118747848104,191,"BCL2;BCL11B;FAM102A;RETREG1;IGF1R;AFF1;RASGRP1;NCOR2;FKBP5;ABLIM1;SVIL;CD44;ADD3;KDM4B;ITPK1;FCMR;DHRS3;FLNB;MED13L;SH3BP5;LRIG1;B4GALT1;ADCY9;ABAT;MAST4;ABCA3;SLC37A1;SIAH2;ISG20L2;SEC14L2;RRP12;TIAM1;SLC7A5;KLF10;JAK2;RAB31;TMEM164;RPS6KA2;NADSYN1;FDFT1;FARP1;FOS;ENDOD1;RARA;GAB2;KLF4;KAZN;SLC1A1;NAV2;SLC16A1;AKAP1;ALDH3B1;PDZK1;TGIF2;MPPED2;SLC26A2;SULT2B1;SLC39A6;CANT1","Long-term Post-flight","CD8 T","PBMC","Hallmark"
"HALLMARK_KRAS_SIGNALING_DN",0.00144498951263225,0.0180623689079031,0.45505986738723,0.64282879813532,1.50453642238531,175,"CAMK1D;ZBTB16;PRKN;DTNB;PTPRJ;SLC16A7;COQ8A;SIDT1;KMT2D;FGGY;TG;CPEB3;CHRNG;MTHFR;SGK1;EDAR;VPS50;MAST3;ASB7;MFSD6;CLSTN3;NR4A2;YPEL1;LFNG;CDKAL1;NRIP2;GPR19;SPHK2;STAG3;MEFV;NR6A1;PDE6B;SLC29A3","Long-term Post-flight","CD8 T","PBMC","Hallmark"
"HALLMARK_MYC_TARGETS_V1",4.595815205636e-08,2.297907602818e-06,0.719512826338911,-0.852022855661977,-1.75574204394179,196,"RPS3;RPL18;RPS5;RPS6;RPS2;RPL34;RPL14;RPL6;EEF1B2;RACK1;RPL22;HNRNPC;RPLP0;RPS10;PPIA;NPM1;HNRNPA2B1;HSP90AB1;NAP1L1;HNRNPA1;SNRPD2;SLC25A3;HNRNPR;PSMA7;SET;RAN;HSPE1;SSBP1;LSM7;COX5A;PSMA2;HNRNPA3;SRSF3;CNBP;EIF4G2;PSMB3;SERBP1;ERH;BUB3;PSMD8;MCM6;SNRPG;C1QBP;DUT;SNRPB2;SNRPD1;NHP2;PTGES3;PSMD7;SYNCRIP;PHB2;PPM1G;NDUFAB1;PSMD14;DDX18;PSMB2;EIF4E;CCT3;G3BP1;PSMA4;DEK;ODC1;LDHA;DHX15;XRCC6;PGK1;RANBP1;GSPT1;EIF4H;HSPD1;SSB;CCT4;PSMA6;UBE2L3;TARDBP;HNRNPU;TUFM;NCBP1;LSM2;TRA2B;CCT7;TCP1;COPS5;ABCE1;MYC;PHB;EIF3D;CYC1;MRPL9;CBX3;SNRPA1;PCNA;SNRPA;CCT5;ILF2;SNRPD3;PSMC4;HDDC2;CANX;MRPL23;HPRT1;APEX1;SF3B3;NCBP2;ACP1;VBP1;GNL3;NME1;CLNS1A;IMPDH2;USP1;FBL","Long-term Post-flight","CD8 T","PBMC","Hallmark"
"HALLMARK_OXIDATIVE_PHOSPHORYLATION",7.48941289623919e-07,1.8723532240598e-05,0.659444398037935,-0.833413314955926,-1.71377000395411,200,"COX4I1;COX7C;NDUFA4;UQCRB;COX6C;LDHB;COX6A1;ATP6V1G1;ATP5MG;ATP5F1E;COX7A2;ATP5MC2;COX8A;COX6B1;COX5B;ATP5MC3;NDUFV2;NDUFA1;SLC25A3;NDUFB8;SLC25A6;COX7B;NDUFC2;NDUFB2;UQCR11;UQCRH;ATP5F1D;ATP5PO;UQCRFS1;NDUFB7;ATP6V0E1;NDUFB4;ATP5PF;ATP5MF;ATP5F1C;COX5A;LRPPRC;UQCR10;SLC25A5;ATP5F1A;OPA1;MDH1;ATP5MC1;NDUFA3;GPX4;NDUFS4;NDUFS7;ISCA1;ATP5PB;ATP5PD;MDH2;UQCRQ;ATP6V1F;MGST3;ISCU;NDUFA5;UQCRC2;ECH1;ATP6V1H;CYCS;PHB2;NDUFAB1;SUCLG1;NDUFA2;NDUFC1;NDUFS6;NDUFA7;NDUFA6;MRPS30;LDHA;ATP5F1B;NDUFB3;ATP5ME;NDUFA9;VDAC2;HSD17B10;BAX;TOMM22;DLD;SUPV3L1;NDUFB1;NDUFS8;MRPS22;ATP6V1E1;PDHB;MRPS12;MRPL34;CYC1;ATP6V0C;TIMM9;MRPL11;COX17;ETFB;SDHD;NDUFB6;NDUFV1;ATP6V0B;COX7A2L;NDUFB5;TIMM17A;TIMM8B;TIMM10;ACAA2;IDH3G;POLR2F;MRPS15;OXA1L;GRPEL1;ABCB7;FDX1;SDHA;TIMM13;HSPA9;GLUD1;ECHS1;NDUFS3;BDH2;IDH2;SURF1;NDUFS2;SDHC;DLST;NDUFA8;NDUFS1;CYB5A;VDAC3;VDAC1;MPC1;IMMT;AIFM1;PHYH;SUCLA2;CASP7","Long-term Post-flight","CD8 T","PBMC","Hallmark"
"HALLMARK_UV_RESPONSE_DN",0.000336239770631625,0.00560399617719375,0.49849310876659,0.688602279291337,1.57360467874912,140,"RUNX1;CELF2;PRKCA;INPP4B;SMAD3;NFKB1;PIK3CD;IGF1R;FYN;ABCC1;MAP2K5;PRKCE;ATXN1;ATP2B4;ADD3;PRDM2;TENT4A;ATP2B1;GRK5;MGMT;PTEN;ATRN;SFMBT1;NEK7;TGFBR2;NR1D2;ZMIZ1;PEX14;BCKDHB;PTPRM;WDR37;SYNJ2;CDK13;MAGI2;SYNE1;DLG1;DUSP1;TGFBR3","Long-term Post-flight","CD8 T","PBMC","Hallmark"
"HALLMARK_WNT_BETA_CATENIN_SIGNALING",0.00599988510398836,0.0499990425332363,0.407017918923954,0.804491561797465,1.55339185841934,41,"TCF7;LEF1;NCOR2;CTNNB1;NUMB;RBPJ;MAML1;CUL1;HDAC5;PPARD;AXIN1;TP53;NOTCH1;PTCH1","Long-term Post-flight","CD8 T","PBMC","Hallmark"
"HALLMARK_MITOTIC_SPINDLE",0.00099986651610889,0.0166644419351482,0.45505986738723,0.706321266241362,1.39570153580359,199,"ARHGEF3;RASA1;SSH2;DOCK2;NEDD9;CNTRL;NCK2;NIN;RAPGEF6;NF1;VCL;APC;RICTOR;PREX1;PCM1;CDK5RAP2;EPB41;ARFGEF1;KIFAP3;CD2AP;RABGAP1;DLG1;ROCK1;RANBP9;SOS1;PCGF5;TUBGCP3;NCK1;CEP192;NOTCH2;ABI1;PDLIM5;CLASP1;TIAM1;ALMS1;TLK1;AKAP13;KLC1;CDC27;LATS1;ARHGAP10;SEPTIN9;CEP250;WASF2;CLIP1;ARHGEF2;PKD2;CEP57;ARHGAP4;PPP4R2;BCL2L11;DYNC1H1;CCDC88A;PCNT;ABL1;SMC4;LRPPRC;TBCD;ARHGEF12;MARCKS;MYH10;HDAC6;TUBGCP5;WASL;NUMA1;ARHGAP5;SPTAN1;PALLD;RFC1;KIF22;GSN;CENPJ;TUBGCP6;MARK4;PAFAH1B1;STK38L;SPTBN1;CKAP5;RASA2;SUN2;BRCA2;KNTC1;RAB3GAP1;TUBGCP2","Immediately Post-flight","other T","PBMC","Hallmark"
"HALLMARK_MYC_TARGETS_V1",1.84649037853992e-08,9.2324518926996e-07,0.73376198835648,-0.769463444447477,-1.87057619352204,196,"RPS2;RPS3;RPL34;RPL18;RPS6;RPS5;RPL14;RPL6;RPLP0;RACK1;RPL22;RPS10;EEF1B2;PPIA;PABPC1;HSP90AB1;SET;DDX21;HNRNPC;PSMA7;NPM1;HNRNPA1;EIF4A1;SRSF7;LSM7;SNRPD2;NAP1L1;XRCC6;SLC25A3;COX5A;PSMD8;HSPE1;GSPT1;SSBP1;PSMB3;PSMA2;YWHAQ;RAN;CTPS1;NHP2;PGK1;PHB;C1QBP;TRA2B;PTGES3;EIF3D;LDHA;SSB;IFRD1;DEK;RANBP1;TXNL4A;PCBP1;SNRPD1;PSMD7;LSM2;ERH;FBL;EIF1AX;SNRPB2;EIF4H;PHB2;UBE2L3;SRSF3;ETF1;MRPL9;KPNA2;TUFM;PPM1G;SNRPG;PSMC4;MRPL23;CYC1;NDUFAB1;EIF3B;CCT4;SRSF2;CCT7;CNBP;IMPDH2;POLE3;NCBP2;DUT;RSL1D1;CCT3;ILF2;EIF4E;RRM1;ODC1;CCT5","Immediately Post-flight","other T","PBMC","Hallmark"
"HALLMARK_OXIDATIVE_PHOSPHORYLATION",0.000153077166839966,0.00382692917099916,0.518848077743792,-0.658484220017846,-1.58225293623742,200,"COX4I1;COX7C;ATP5F1E;ATP6V1G1;NDUFA4;COX6A1;ATP5MG;SLC25A6;COX6C;ATP5MC2;COX8A;UQCRB;UQCR11;NDUFA1;NDUFC2;ATP5F1D;NDUFB7;COX7A2;COX6B1;ATP6V0C;ATP5MC3;HSPA9;COX5B;LDHB;NDUFB8;SLC25A5;NDUFB2;UQCRH;GPX4;SLC25A3;ATP5F1B;ATP5PF;UQCR10;COX7B;COX5A;NDUFS6;ATP6V0B;UQCRQ;NDUFA3;CYCS;ATP5MF;ATP5ME;UQCRC2;ATP5PO;ATP6V1F;ATP6V0E1;NDUFS7;BAX;NDUFA6;TOMM22;ECH1;MDH2;NDUFB4;LDHA;NDUFA2;ATP5MC1;UQCRFS1;ATP5PB;NDUFB3;ISCU;MRPS15;HSD17B10;MDH1;PHB2;NDUFA5;NDUFA7;NDUFB6;TIMM13;ETFB;SUPV3L1;ATP5F1A;CYC1;NDUFAB1;SLC25A11;NDUFC1;ECHS1;MRPL34;ISCA1;CYB5R3;POLR2F;GRPEL1;MRPS12;NDUFS8;OXA1L;MGST3;SURF1;NDUFS3;COX17;IDH3B;COX7A2L;MRPL11;AFG3L2;UQCRC1;TIMM17A;ATP5F1C;VDAC1","Immediately Post-flight","other T","PBMC","Hallmark"
"HALLMARK_TNFA_SIGNALING_VIA_NFKB",0.00171776789973392,0.0214720987466739,0.45505986738723,-0.592412917127266,-1.42796052751808,197,"EIF1;CCL5;TNFAIP3;BTG1;FOS;JUNB;DUSP1;NFKBIA;DUSP2;NR4A2;CD69;KLF6;JUN;RELB;ZFP36;PER1;REL;PPP1R15A;FOSB;ID2;NR4A3;NFKB1;IRF1;PNRC1;LITAF;IER2;SQSTM1;CCNL1;B4GALT1;CCL4;BTG3;KLF2;BHLHE40;GADD45B;CEBPD;BTG2;MCL1;AREG;CD83;NAMPT;SOCS3;IRS2;SLC2A3;NINJ1;IL6ST;DUSP5;CEBPB","Immediately Post-flight","other T","PBMC","Hallmark"
"HALLMARK_UV_RESPONSE_DN",0.00289746692178077,0.0289746692178077,0.431707695803346,0.725742660112957,1.38771487701249,140,"RUNX1;INPP4B;SYNE1;NEK7;CELF2;ADD3;ATXN1;PTEN;SMAD3;ATRX;TGFBR3;PTPRM;CDK13;MAP2K5;AKT3;ATRN;TGFBR2;ATP2B4;ATP2C1;NIPBL;BCKDHB;WDR37;MGMT;DLG1;MAPK14;IGF1R;NOTCH2;PDLIM5;PIK3CD;PRKCA;PHF3;BMPR1A;SPOP;ARHGEF9;TOGARAM1;CDKN1B;AMPH;ATP2B1;ANXA4;MRPS31;FYN;TENT4A;PRKCE;AGGF1;SFMBT1;PRDM2;PRKAR2B;DYRK1A;MIOS;PIK3R3;INSIG1;ZMIZ1;RASA2","Immediately Post-flight","other T","PBMC","Hallmark"
"HALLMARK_MYC_TARGETS_V1",2.50000170340431e-10,1.25000085170216e-08,0.814035837847908,-0.868842156118518,-1.82160520799832,196,"RPS3;RPS2;RPL18;RPS5;RPL14;RPL34;RPS6;RPL6;RPLP0;EEF1B2;RACK1;PPIA;HNRNPC;HSP90AB1;RPL22;RPS10;NPM1;HNRNPA1;SET;HNRNPA2B1;SLC25A3;PSMA7;NAP1L1;HSPE1;SNRPD2;HNRNPR;RAN;LSM7;COX5A;SSBP1;SRSF3;HNRNPA3;CNBP;SERBP1;PSMB3;EIF4G2;ERH;SNRPB2;C1QBP;SNRPD1;EIF4A1;PSMD8;NHP2;PSMA2;DDX21;GSPT1;SRSF7;DUT;PTGES3;MCM6;NDUFAB1;SYNCRIP;PSMD7;PSMA4;DDX18;DEK;PGK1;SNRPG;XRCC6;PHB2;EIF4E;HNRNPU;GNL3;PSMB2;RANBP1;TUFM;CCT3;PHB;LDHA;CYC1;PPM1G;HSPD1;ODC1;CCT7;PSMD14;CCT5;TXNL4A;SSB;PABPC1;PSMA6;NCBP1;SNRPA1;BUB3;LSM2;UBE2L3;ABCE1;PSMC4;AP3S1;CTPS1;ILF2;SNRPD3;CBX3;MRPL23;CCT4;PRDX4;SNRPA;MRPL9;PA2G4;RSL1D1;YWHAQ;PCNA;DHX15;EIF3D;SRSF2;MYC;ACP1;FBL;VDAC1;EIF4H;APEX1;G3BP1;TCP1;RRM1;NME1;UBA2;POLE3;PSMC6;SRM;TARDBP","Long-term Post-flight","other T","PBMC","Hallmark"
"HALLMARK_OXIDATIVE_PHOSPHORYLATION",6.74272176103458e-08,1.68568044025864e-06,0.704975715167238,-0.838254898281628,-1.75407341751521,200,"COX7C;COX4I1;NDUFA4;COX6A1;COX6C;ATP6V1G1;COX7A2;ATP5F1E;ATP5MG;UQCRB;COX8A;NDUFB8;ATP5MC3;COX6B1;UQCR11;SLC25A6;ATP5MC2;NDUFA1;COX5B;SLC25A3;NDUFB7;COX7B;ATP5F1D;NDUFC2;LDHB;NDUFB2;NDUFV2;COX5A;ATP6V0E1;ATP5PF;SLC25A5;UQCRH;CYCS;ATP5MF;UQCR10;LRPPRC;ATP5PO;UQCRFS1;NDUFB4;ATP5F1A;ATP5F1C;NDUFS7;ATP6V1F;MDH2;GPX4;UQCRC2;UQCRQ;NDUFS6;MGST3;ATP5MC1;NDUFAB1;VDAC2;BAX;NDUFA3;ATP6V0C;ATP5F1B;NDUFA9;PHB2;ATP6V0B;ATP5PD;TOMM22;ISCA1;NDUFA2;NDUFS4;MDH1;NDUFA7;ECH1;LDHA;CYC1;NDUFA6;ATP5ME;NDUFA5;NDUFS8;NDUFB6;ATP5PB;NDUFC1;OPA1;HSD17B10;NDUFB3;ISCU;DLD;SUPV3L1;COX17;ATP6V1H;NDUFB1;SUCLG1;MRPL34;MRPS22;MRPS12;COX7A2L;MRPS15;ETFB;GLUD1;IDH3G;ACAA2;MRPL11;MRPS30;MPC1;SURF1;NDUFB5;TIMM13;FDX1;VDAC1;HSPA9;SDHD;TIMM9;NDUFS3;NDUFV1;SUCLA2;TIMM10;ECHS1;GRPEL1;POLR2F;ETFDH;CYB5A;NDUFA8;AFG3L2;FH;TIMM8B;PDHB;ACADVL;ABCB7;OXA1L;OAT;ECI1;PHYH;DECR1;NDUFS2;NNT;SDHC;SLC25A11;PRDX3","Long-term Post-flight","other T","PBMC","Hallmark"
"HALLMARK_MITOTIC_SPINDLE",0.000410168258171557,0.0102542064542889,0.49849310876659,0.727770211323771,1.42915815222621,199,"NOTCH2;TRIO;CNTRL;RASA1;DOCK2;NEDD9;NCK2;AKAP13;SOS1;NIN;CEP192;ABI1;CLASP1;MYO1E;SSH2;PCM1;TLK1;EPB41L2;TUBGCP3;CDK5RAP2;PREX1;CCDC88A;ARHGAP5;KIFAP3;APC;RFC1;MYH9;LRPPRC;VCL;RICTOR;ABL1;ARHGEF7;PCGF5;EPB41;SPTBN1;ARHGEF3;RAPGEF5;RASA2;PDLIM5;RAB3GAP1;ROCK1;ALMS1;DLG1;FGD4;CKAP5;NUMA1;RABGAP1;RAPGEF6;ARHGEF2;KNTC1;NF1;WASL;KLC1;ABR;SEPTIN9;NCK1;ARFGEF1;HOOK3;BRCA2;ARHGAP4;KIF3B;CEP57;ARHGEF12;CENPJ;RALBP1;SASS6;KIF20B;KIF5B;TSC1;RANBP9;SMC3;GSN;LATS1;CD2AP;TUBGCP2;PKD2;KIF1B","Immediately Post-flight","B","PBMC","Hallmark"
"HALLMARK_MYC_TARGETS_V1",5.05015015104712e-09,2.52507507552356e-07,0.761460801445585,-0.799580459923232,-1.93060975794957,196,"RPS2;RPL34;RPS3;RPL18;RPS6;RPS5;RPL14;RPLP0;RACK1;RPL6;EEF1B2;RPL22;RPS10;PABPC1;DDX21;HSP90AB1;PPIA;EIF4A1;NPM1;HNRNPA1;SET;IFRD1;NAP1L1;SNRPD2;PSMA7;LSM7;TRA2B;RAN;HNRNPC;SLC25A3;GSPT1;ETF1;PHB2;PSMD7;EIF4E;COX5A;EIF3D;HSPE1;PSMA1;PSMB3;UBE2L3;PSMD8;XRCC6;EIF4H;SNRPD1;PSMA2;C1QBP;RNPS1;NHP2;PPM1G;SRSF7;MYC;EIF1AX;ERH;YWHAE;PTGES3;NDUFAB1;TUFM;PGK1;SNRPG;SNRPB2;PHB;YWHAQ;CYC1;FBL;PSMA6;RRM1;CCT2;APEX1;SNRPA;LSM2;CTPS1;SNRPA1;SSB;RSL1D1;MRPL23;PSMC4;PRPF31;SRM;LDHA;ILF2;RANBP1;SSBP1;CCT4;TXNL4A;EIF3J;SYNCRIP;EXOSC7;PCBP1;HPRT1;NME1;POLE3;DUT;EIF3B","Immediately Post-flight","B","PBMC","Hallmark"
"HALLMARK_OXIDATIVE_PHOSPHORYLATION",0.00157319913053021,0.0262199855088369,0.45505986738723,-0.635779361801712,-1.54722392549588,200,"COX4I1;COX7C;SLC25A6;ATP5MG;COX6A1;UQCRB;ATP5F1E;ATP5MC2;ATP6V1G1;COX6C;NDUFA4;COX6B1;UQCRH;ATP5F1D;ATP6V0C;LDHB;COX7A2;COX8A;UQCR11;COX5B;NDUFB8;ATP5MC3;SLC25A5;SLC25A3;NDUFC2;HSPA9;CYCS;NDUFS6;PHB2;NDUFA1;NDUFB7;COX5A;COX7B;NDUFB2;ATP5PO;GPX4;ATP5MF;ATP5PF;NDUFS7;ATP6V0B;UQCRFS1;UQCRC2;SDHB;ATP5ME;MDH2;ATP5MC1;ECH1;ATP5PD;ISCU;NDUFA6;VDAC2;ATP5F1A;NDUFAB1;NDUFA3;UQCR10;ATP6V1F;SUPV3L1;CYC1;MGST3;NDUFB4;TOMM22;TIMM17A;ETFB;DLST;BAX;UQCRQ;ATP5F1B;ACO2;NDUFA2;NDUFS8;MRPS15;NDUFC1;MRPS12;NDUFS3;ATP6V0E1;IDH2;HSD17B10;LDHA;MRPL11;TIMM13;MDH1;ATP6V1E1;GPI;MRPL34;TIMM10;UQCRC1;NDUFS2;NDUFB3;POLR2F","Immediately Post-flight","B","PBMC","Hallmark"
"HALLMARK_ESTROGEN_RESPONSE_EARLY",0.00588709338022956,0.049059111501913,0.407017918923954,0.64786113550327,1.44546649292387,191,"BCL2;AFF1;BCL11B;B4GALT1;NCOR2;KDM4B;FAM102A;CD44;SH3BP5;GAB2;ABLIM1;FKBP5;IGF1R;MED13L;RAB31;ITPK1;FCMR;FOS;INPP5F;RRP12;SVIL;JAK2;TMEM164;ABAT;CELSR1;CHPT1;SLC37A1;RETREG1;RPS6KA2;MAST4;ELOVL5;FDFT1;SLC1A4;ADD3;KLF10;TIAM1;SIAH2;NADSYN1;ISG20L2;HES1;KLF4;RARA;CBFA2T3;SLC16A1;RASGRP1;FLNB;SLC9A3R1;ADCY9;ABHD2;SLC2A1;DHRS3;NRIP1;PPIF;PAPSS2;SEC14L2;SCARB1;SLC7A5;FARP1;MPPED2;MYOF;BAG1;AKAP1;ENDOD1;ALDH3B1;MYBBP1A;ASB13;NAV2;AREG;BLVRB;SLC24A3;ABCA3","Long-term Post-flight","B","PBMC","Hallmark"
"HALLMARK_HEDGEHOG_SIGNALING",0.00553082401219712,0.049059111501913,0.407017918923954,0.827057710561483,1.50606575414641,36,"MYH9;TLE1;RTN1;TLE3;CDK6;RASA1;CELSR1;DPYSL2;ETS2","Long-term Post-flight","B","PBMC","Hallmark"
"HALLMARK_MITOTIC_SPINDLE",0.00362460301110993,0.0453075376388741,0.431707695803346,0.637605718162251,1.42633363777851,199,"DOCK2;MYO9B;AKAP13;TRIO;MYH9;ABR;NEDD9;PREX1;SSH2;CAPZB;ARHGEF3;SEPTIN9;SOS1;NOTCH2;NIN;MYO1E;SUN2;CCDC88A;CNTRL;FLNA;FGD4;ABL1;APC;EZR;ARHGAP4;CSNK1D;ACTN4;ATG4B;RASA1;TLK1;BCR;EPB41;TBCD;ARHGEF7;CLIP1;TUBGCP3;KIF1B;WASF2;CDK5RAP2;CLASP1;ARHGEF2;TIAM1;MARK4;GSN;PDLIM5;DYNC1H1;EPB41L2;PCNT;ROCK1;VCL;MAP3K11;RHOT2;PCGF5;ARHGDIA;ARHGAP27;ARL8A;CLIP2;KIF3B;PXN;DLG1;STAU1;NUMA1;LATS1;MARCKS;FLNB;DOCK4;ITSN1;TSC1;CEP250;ARHGEF11","Long-term Post-flight","B","PBMC","Hallmark"
"HALLMARK_MYC_TARGETS_V1",9.71616102462005e-09,4.85808051231003e-07,0.747739663149885,-0.858357963851185,-1.85275814517454,196,"RPS3;RPL18;RPS5;RPS2;RPS6;RPL34;RPL14;RPL6;EEF1B2;RACK1;RPLP0;RPL22;RPS10;HNRNPC;PPIA;HSP90AB1;NPM1;HNRNPA2B1;NAP1L1;HNRNPA1;SET;HNRNPR;SLC25A3;SNRPD2;RAN;LSM7;HNRNPU;HNRNPA3;SSBP1;EIF4G2;PSMA2;COX5A;PSMA7;SNRPB2;MYC;DDX21;SERBP1;PSMD7;ERH;C1QBP;HSPE1;PSMB3;DUT;SNRPG;SRSF3;SYNCRIP;SNRPD1;ODC1;PSMD8;CNBP;NHP2;PTGES3;PHB2;BUB3;EIF4E;PWP1;PGK1;NDUFAB1;DDX18;MRPL9;CYC1;CANX;LSM2;SNRPA1;NCBP2;PSMD14;EIF3D;EIF2S2;CCT3;RANBP1;TUFM;TCP1;DHX15;PSMA4;PSMB2;PSMA6;RSL1D1;HSPD1;XRCC6;SF3B3;SSB;ACP1;PHB;MCM6;PPM1G;CCT7;GSPT1;IFRD1;APEX1;COPS5;EIF4H;GNL3;HPRT1;DEK;ABCE1;MRPL23;TXNL4A;SNRPD3;LDHA;IMPDH2;TARDBP;G3BP1;NME1;SRSF1;MRPS18B;NCBP1;FBL;SNRPA;PCNA;PSMC4;CBX3;UBA2;HDDC2;PRDX4;CCT4","Long-term Post-flight","B","PBMC","Hallmark"
"HALLMARK_OXIDATIVE_PHOSPHORYLATION",5.22675115791358e-05,0.00130668778947839,0.557332238758646,-0.783203007744461,-1.69956540779323,200,"COX4I1;COX7C;UQCRB;COX6A1;NDUFA4;ATP6V1G1;COX6C;SLC25A6;COX7A2;ATP5MG;ATP5F1E;ATP5MC2;COX6B1;COX5B;NDUFV2;ATP5MC3;LDHB;COX8A;UQCRH;NDUFA1;SLC25A3;ATP5PO;NDUFB8;COX7B;SLC25A5;LRPPRC;ATP5F1D;ATP5PF;NDUFC2;UQCR11;UQCRFS1;COX5A;ATP5F1A;ATP5F1C;GPX4;NDUFB4;ATP5MC1;NDUFS7;UQCR10;ATP6V0E1;NDUFB2;NDUFB7;ATP5MF;MDH2;CYCS;MDH1;ATP5PD;NDUFA6;VDAC2;NDUFS4;ECH1;ATP5PB;PHB2;MRPS30;ISCU;NDUFA3;NDUFAB1;TOMM22;TIMM9;NDUFA2;CYC1;MGST3;ATP6V1F;NDUFA5;NDUFA7;NDUFC1;ATP5F1B;NDUFB3;UQCRC2;MRPS22;ATP5ME;SUPV3L1;COX17;OPA1;ATP6V1E1;SUCLG1;NDUFS8;ETFB;UQCRQ;BAX;NDUFA9;ATP6V0C;HSD17B10;NDUFS6;ISCA1;MRPS12;DLD;TIMM10;DLST;LDHA;CYB5A;NDUFB6;SUCLA2;MRPS15;ATP6V0B;NDUFS2;NDUFB1;TIMM17A;ECHS1;FH;MRPL11;MRPL34;NDUFB5;FDX1;ABCB7;TIMM13;PHYH;NDUFS1;ATP6V1H;PDHB;IDH3G;COX7A2L;CASP7;SDHA;HADHA;TIMM8B;SDHD","Long-term Post-flight","B","PBMC","Hallmark"
"HALLMARK_UV_RESPONSE_DN",0.00214696052996154,0.035782675499359,0.431707695803346,0.702725954724642,1.50014676144061,140,"RUNX1;PRKCE;CELF2;SMAD3;VAV2;PRKCA;FYN;NFKB1;CDK13;MAP2K5;GRK5;PIK3CD;GCNT1;NOTCH2;IGF1R;PRDM2;ATXN1;ATP2B1;SYNE1;ABCC1;PTEN;MAPK14;TENT4A;MGMT;ZMIZ1;NR1D2;ATRN;PEX14;TGFBR2;LAMC1;WDR37;DUSP1;ANXA4;ATP2B4;RXRA;ADD3;TGFBR3;PDLIM5","Long-term Post-flight","B","PBMC","Hallmark"
"HALLMARK_MITOTIC_SPINDLE",0.00218939035160387,0.0218939035160387,0.431707695803346,0.689640710104381,1.39660617986408,199,"ARHGEF3;DOCK2;RASA1;CLASP1;SSH2;CNTRL;PREX1;NEDD9;PCM1;KIFAP3;AKAP13;RAPGEF6;VCL;SOS1;NIN;NF1;APC;RICTOR;RASA2;NCK2;ROCK1;CDK5RAP2;ARHGEF12;ARHGAP10;CEP192;NOTCH2;DLG1;RABGAP1;TRIO;EPB41;MYH9;ABI1;TIAM1;LRPPRC;PALLD;TUBGCP3;PDLIM5;KLC1;MYO1E;WASF2;NUMA1;RANBP9;RFC1;CLIP1;TBCD;CCDC88A;ARFGEF1;SEPTIN9;CDC27;SORBS2;CEP250;CD2AP;CKAP5;ALS2;TUBGCP2;SASS6;KNTC1;RHOT2;OPHN1;ARHGEF2;PCGF5;ABR;LATS1;ARHGAP27;KIF5B;ARHGEF7;ALMS1;PPP4R2;MYH10;KIF3B;CEP57;TLK1;PCNT;SMC4;ABL1;GSN;ARHGAP5;NCK1;CENPF;DST;WASL;TUBD1;ARHGAP4;SMC3;SUN2;SMC1A;MARK4;ACTN4;CENPJ","Immediately Post-flight","NK","PBMC","Hallmark"
"HALLMARK_MYC_TARGETS_V1",2.14842295694681e-09,1.0742114784734e-07,0.774939030136436,-0.776326736857769,-2.00015148654724,196,"RPS2;RPS3;RPL34;RPL18;RPS6;RPS5;RPL14;RPL6;RACK1;RPLP0;RPL22;RPS10;PPIA;EEF1B2;EIF4A1;HNRNPC;HSP90AB1;SET;CTPS1;SRSF7;PABPC1;PSMA7;NPM1;SLC25A3;RAN;LSM7;HSPE1;XRCC6;PSMB3;TRA2B;HNRNPA1;DDX21;PSMD8;PPM1G;PCBP1;SRSF3;EIF1AX;PSMA2;SNRPD2;YWHAQ;SNRPD1;SNRPA1;COX5A;LDHA;TUFM;ETF1;GSPT1;PCNA;UBE2L3;SNRPB2;SNRPG;CCT2;NDUFAB1;C1QBP;ERH;NAP1L1;PHB2;IFRD1;PGK1;SRSF2;NHP2;CYC1;HNRNPD;TXNL4A;DUT;SYNCRIP;KPNA2;MCM6;ILF2;PSMC4;EIF4H;LSM2;PSMA6;YWHAE;POLE3;CCT4;CNBP;PSMD7;RNPS1;EIF3B;CCT7;SSBP1;FBL;PTGES3;RANBP1;SERBP1;RRM1;MRPL23;ODC1;SNRPA;HSPD1;NME1;MRPL9;NCBP2;SNRPD3;PHB;PRPF31;TCP1;APEX1;PSMB2;EIF4G2;SRM;HDGF;EIF3D","Immediately Post-flight","NK","PBMC","Hallmark"
"HALLMARK_OXIDATIVE_PHOSPHORYLATION",1.36136824529702e-05,0.000340342061324254,0.593325476396405,-0.679374932237848,-1.74410921039767,200,"COX4I1;ATP5F1E;COX7C;COX6C;ATP5MG;COX6A1;COX8A;NDUFA4;NDUFB7;COX7A2;ATP6V1G1;ATP5MC2;ATP5F1D;UQCR11;ATP6V0C;COX6B1;NDUFB2;NDUFB8;SLC25A6;SLC25A3;UQCRB;SLC25A5;NDUFC2;ATP5MC3;COX5B;HSPA9;NDUFA1;UQCRH;COX7B;ATP5MF;CYCS;ATP5ME;UQCR10;UQCRQ;MDH2;NDUFS6;ATP5PO;ATP6V0B;NDUFA6;COX5A;NDUFA2;BAX;GPX4;LDHA;UQCRFS1;UQCRC2;ATP6V1F;NDUFS7;ECH1;LDHB;NDUFAB1;PHB2;ATP5F1B;POLR2F;TOMM22;CYC1;ATP6V0E1;ATP5PB;NDUFA7;ATP5MC1;NDUFA3;MRPS12;TIMM13;NDUFB4;UQCRC1;SLC25A11;VDAC2;ATP5PF;MRPL11;SURF1;NDUFB3;TIMM17A;HSD17B10;CS;SDHB;ATP5F1A;ISCU;NDUFB1;MGST3;TIMM10;ISCA1;ATP5PD;IDH3G;BCKDHA;MRPL34;MRPS15;NDUFS8;ACO2;OAT;ECHS1;IDH3B;NDUFA5;PDHA1;NDUFA8;SDHD;ETFB","Immediately Post-flight","NK","PBMC","Hallmark"
"HALLMARK_TNFA_SIGNALING_VIA_NFKB",8.63976195938774e-05,0.00143996032656462,0.538434096309916,-0.644233784542843,-1.66054033949445,197,"EIF1;CCL5;BTG1;JUNB;NR4A2;CD69;TNFAIP3;FOS;NFKBIA;REL;IER2;DUSP1;ZFP36;CCL4;LITAF;NFKB1;ID2;DUSP2;CCNL1;IRF1;SQSTM1;RELB;KLF6;PNRC1;PER1;JUN;B4GALT1;PPP1R15A;NR4A3;BTG2;SLC2A3;FOSB;BTG3;MAP3K8;CEBPB;IL6ST;IRS2;MAFF;GADD45B;CEBPD;RIPK2;TIPARP;KLF2;CD83;MCL1;AREG;TAP1;NINJ1;BHLHE40;YRDC","Immediately Post-flight","NK","PBMC","Hallmark"
"HALLMARK_UV_RESPONSE_DN",0.000252315485104728,0.0031539435638091,0.49849310876659,0.74638481336542,1.45892365542834,140,"SYNE1;TGFBR3;RUNX1;CELF2;NEK7;ADD3;IGF1R;AKT3;ATP2B4;ATP2C1;MAP2K5;BCKDHB;CDK13;RASA2;MAPK14;ATXN1;ATRX;MGMT;PTEN;TGFBR2;NIPBL;INPP4B;NOTCH2;BMPR1A;WDR37;DLG1;PIK3CD;PTPRM;ACVR2A;ATRN;ARHGEF9;PRKCA;ANXA4;SPOP;NR3C1;PDLIM5;GRK5;SYNJ2;PHF3;MRPS31;SMAD3;SMAD7;GCNT1;DMAC2L;FYN;DAB2;ZMIZ1;PRDM2;MIOS;DYRK1A;TENT4A;AGGF1","Immediately Post-flight","NK","PBMC","Hallmark"
"HALLMARK_ALLOGRAFT_REJECTION",0.00941594214624553,0.0470797107312277,0.380730400722792,-0.648160218830209,-1.39904879626564,188,"B2M;GZMA;GZMB;RPL39;RPS19;CCL5;RPL9;RPS3A;SRGN;CCL4;CD7;HLA-A;RPS9;PSMB10;IFNGR1;PRF1;IL2RG;KLRD1;NPM1;PTPRC;CD47;ABI1;EIF5A;GPR65;ITK;NCK1;STAT1;IL2RB;STAT4;GBP2;HLA-E;TIMP1;BCL10;CD3D;MRPL3;MAP3K7;ITGB2;TAP1","Long-term Post-flight","NK","PBMC","Hallmark"
"HALLMARK_DNA_REPAIR",0.0039029478325622,0.0322117609439764,0.431707695803346,-0.700528543560663,-1.48117292828045,149,"APRT;EDF1;DAD1;POLR2G;ARL6IP1;POLR3GL;DGUOK;GUK1;VPS28;POLR2K;DUT;MPC2;RBX1;GPX4;SDCBP;RNMT;PCNA;TAF10;ADRM1;COX17;POLR1D;POLR2J;TMED2;POLB;TSG101;GTF2A2;SUPT4H1;BCAP31;POLD4;EIF1B;POLR2I;MPG;ITPA;RPA2;POLR2F;MRPL40;POLE4;HPRT1;RALA;SRSF6;TAF13;GTF2B;DCTN4;NME1;CLP1;GTF2H5;NELFE;TAF9;NT5C;POLR2D;HCLS1;TAF12;NME3;SMAD5;POLA1;SNAPC5;RFC2;BOLA2;SURF1;POLR2E;CETN2;TYMS;FEN1;USP11;NCBP2;SSRP1;ERCC5;PNP;RFC4;PRIM1;RRM2B;UPF3B;ZNF707;GTF3C5;UMPS","Long-term Post-flight","NK","PBMC","Hallmark"
"HALLMARK_E2F_TARGETS",0.0055772431329638,0.0322117609439764,0.407017918923954,-0.666812365988351,-1.4463718871005,198,"SNRPB;RAN;HMGB2;DEK;LYAR;SYNCRIP;NBN;XRCC6;SMC3;ANP32E;LMNB1;DUT;RAD21;NASP;PCNA;MCM6;STMN1;NAP1L1;PSIP1;CNOT9;CDKN1B;TMPO;NAA38;RANBP1;JPT1;LBR;DCK;RPA2;POP7;TRA2B;POLE4;ATAD2;MLH1;SMC4;UBE2S;SMC1A;HUS1;PA2G4;PHF5A;RFC1;RAD51C;TUBB;USP1;NUP153;NME1;RBBP7;EED;EXOSC8;CDKN2C;MRE11;MTHFD2;SRSF1;RFC2;GSPT1;CDK4;EIF2S1;CTPS1;DCTPP1;PRDX4;CKS1B;PDS5B;PPP1R8;SSRP1;BARD1;PRPS1;CKS2;HMGA1;KPNA2;CTCF;MAD2L1;CHEK1;MCM3;NOLC1;POLD2;TOP2A;MCM5;MCM2;CBX5;PTTG1;CENPM;CCP110;RAD1;SRSF2;WEE1;HELLS;PRKDC;TIMELESS;PLK4;TK1;TUBG1","Long-term Post-flight","NK","PBMC","Hallmark"
"HALLMARK_INTERFERON_ALPHA_RESPONSE",0.00258749883871707,0.0322117609439764,0.431707695803346,-0.779904814058931,-1.57280795304138,96,"B2M;HLA-C;IFITM2;PSME1;IFITM1;PSME2;LY6E;PSMB9;ELF1;IFITM3;TXNIP;CD47;PSMB8;BST2;IRF1;ISG20;ISG15;UBE2L6;GBP2;SAMD9;TENT5A;PSMA3;GBP4;IRF9;TAP1;NUB1;TMEM140;IFI35;PARP9;EPSTI1","Long-term Post-flight","NK","PBMC","Hallmark"
"HALLMARK_INTERFERON_GAMMA_RESPONSE",0.00419732337179511,0.0322117609439764,0.407017918923954,-0.658649824092799,-1.42734066944894,197,"B2M;GZMA;CCL5;IFITM2;HLA-B;HLA-A;PSME1;BTG1;CD69;PSME2;PSMB10;LY6E;PSMB9;SPPL2A;IFITM3;TXNIP;PSMB8;BST2;PSMA2;CD38;IRF1;NFKBIA;ISG20;VAMP8;SRI;MT2A;STAT1;IL2RB;PSMB2;STAT4;ISG15;UBE2L6;BPGM;VAMP5;UPP1;PSMA3;GBP4;CASP4;IRF9;TNFAIP3;TAP1;RBCK1;XCL1;IFI35;EPSTI1;RIPK1;ITGB7;ARL4A;KLRK1;PARP14;IRF4;CASP8;AUTS2;LATS2;SLAMF7;SAMD9L;MTHFD2;LYSMD2;IFI44;IFI44L;LAP3;ZBP1;CASP3","Long-term Post-flight","NK","PBMC","Hallmark"
"HALLMARK_KRAS_SIGNALING_DN",0.00542438564597623,0.0322117609439764,0.407017918923954,0.609664867328765,1.45111010413488,175,"ZBTB16;PTPRJ;CAMK1D;PRKN;DTNB;SLC16A7;FGGY;KMT2D;TG;COQ8A;SIDT1;CLSTN3;YPEL1;MFSD6;NR6A1;CPEB3;MTHFR;MAST3;STAG3;SPHK2;CHRNG","Long-term Post-flight","NK","PBMC","Hallmark"
"HALLMARK_MTORC1_SIGNALING",0.00579811696991575,0.0322117609439764,0.407017918923954,-0.66516420602845,-1.4427968900653,198,"PPIA;CORO1A;GAPDH;CTSC;HSPA5;CXCR4;ACTR3;TPI1;CALR;HSP90B1;TCEA1;ENO1;ARPC5L;HSPE1;PSMA4;PSMD12;BTG2;LDHA;ATP5MC1;TBK1;SDF2L1;PSMD13;TES;BHLHE40;SEC11A;SERP1;CYP51A1;ADIPOR2;GSK3B;HSPA4;IDI1;EBP;NFKBIB;HSPD1;GLRX;PSMA3;PRDX1;UFM1;CCT6A;HSPA9;ITGB2;XBP1;DDIT4;ACTR2;UBE2D3;CACYBP;PSMC4;PSMD14;UCHL5;M6PR;TXNRD1;TUBA4A;PDAP1;EDEM1;HPRT1;RIT1;INSIG1;CCNG1;GMPS;PPP1R15A;HMGCS1;COPS5;PSMC2;G6PD;CANX;MTHFD2;EEF1E1;PGK1;SQSTM1;SC5D;EIF2S2;HMGCR;YKT6","Long-term Post-flight","NK","PBMC","Hallmark"
"HALLMARK_MYC_TARGETS_V1",4.94950046225449e-10,1.8927219363148e-08,0.801215574617779,-0.842848409035959,-1.82548763259982,196,"RPS3;RPL18;RPS2;RPS5;RPL14;PPIA;RPS6;RPL34;RPL6;HNRNPC;RACK1;EEF1B2;HNRNPA2B1;RPLP0;SET;RPS10;RPL22;PSMA7;NPM1;HSP90AB1;SLC25A3;HNRNPR;HNRNPA3;RAN;HNRNPA1;SERBP1;PSMB3;SRSF3;PSMA2;SNRPB2;COX5A;LSM7;SNRPD2;PSMD8;HSPE1;PSMA4;SSBP1;DEK;ERH;SNRPG;LDHA;SYNCRIP;PSMB2;XRCC6;PPM1G;SNRPD1;PTGES3;DUT;NDUFAB1;CYC1;CCT3;PCNA;MCM6;NAP1L1;PSMD7;CNBP;UBE2L3;SNRPA1;NHP2;EIF4G2;HSPD1;PSMA6;RANBP1;DDX18;HNRNPU;C1QBP;BUB3;TUFM;PHB;PCBP1;CCT7;DHX15;ILF2;LSM2;TARDBP;PSMC4;PSMD14;EIF4A1;SNRPD3;ODC1;PHB2;EIF4E;TXNL4A;SSB;CCT4;HDDC2;EIF4H;TRA2B;CCT5;MRPL9;EIF3D;HPRT1;ACP1;RRM1;PSMD1;PA2G4;APEX1;TCP1;USP1;MRPL23;POLE3;PWP1;VDAC1;G3BP1;NME1;COPS5;EIF3J;FBL;VBP1;U2AF1;CANX;SF3B3;SRSF1;PSMA1;PGK1;GNL3;GLO1;GSPT1;CDK4;AP3S1;EIF2S1;EIF2S2;TYMS;CTPS1","Long-term Post-flight","NK","PBMC","Hallmark"
"HALLMARK_OXIDATIVE_PHOSPHORYLATION",7.57088774525919e-10,1.8927219363148e-08,0.801215574617779,-0.835970784772051,-1.81525538832155,200,"COX6C;NDUFA4;COX8A;COX6A1;COX4I1;COX7A2;ATP5F1E;ATP6V1G1;COX7C;ATP5MC3;COX6B1;ATP5MG;UQCRB;COX5B;ATP5MC2;NDUFB7;NDUFA1;NDUFB2;UQCR11;NDUFB8;NDUFC2;SLC25A3;SLC25A5;COX7B;ATP5F1D;UQCRH;ATP5PF;UQCR10;COX5A;ATP5MF;ATP6V0E1;ATP6V1F;SLC25A6;CYCS;MDH2;ATP5PO;ATP5F1A;UQCRFS1;ATP5PB;NDUFA2;UQCRQ;NDUFV2;ECH1;NDUFA6;LDHA;ATP5F1C;NDUFS6;NDUFS7;ATP6V1H;ATP5MC1;NDUFS4;ATP6V0C;NDUFB4;ATP5F1B;MDH1;BAX;GPX4;OPA1;NDUFA3;NDUFA7;NDUFAB1;CYC1;ACAA2;ATP5PD;NDUFA5;LRPPRC;UQCRC2;SUCLG1;VDAC2;COX17;NDUFB1;ATP6V0B;ISCA1;MRPS12;HSD17B10;LDHB;ISCU;SUPV3L1;TOMM22;ATP5ME;NDUFV1;MRPS30;DLD;HSPA9;NDUFB3;IDH3G;MGST3;NDUFS8;TIMM8B;COX7A2L;POLR2F;PHB2;SUCLA2;ATP6V1E1;MPC1;MRPS22;NDUFS3;PDHB;MRPL34;NDUFA9;MRPL11;TIMM13;NDUFC1;ECHS1;NDUFB6;NDUFS2;SLC25A11;MRPS11;ETFB;SDHD;MRPS15;VDAC1;NDUFA8;NDUFB5;HADHA;TIMM10;PDHA1;SDHC;BDH2;FDX1;SURF1;IDH2;CYB5A;TIMM9;ACADVL","Long-term Post-flight","NK","PBMC","Hallmark"
"HALLMARK_UV_RESPONSE_DN",0.000672290814781154,0.0112048469130192,0.477270815362862,0.683248540091643,1.56749676086244,140,"RUNX1;CELF2;TGFBR3;PRKCA;INPP4B;ATP2B4;SYNE1;IGF1R;PIK3CD;AKT3;SMAD3;ATXN1;PRDM2;MAP2K5;GRK5;ABCC1;TENT4A;PRKCE;ADD3;TGFBR2;ZMIZ1;ATRN;CDK13;NEK7;ATP2B1;SYNJ2;PDLIM5;BCKDHB;MGMT;DLG1;PEX14;MAPK14;GCNT1;NOTCH2;ARHGEF9;WDR37;PTPRM","Long-term Post-flight","NK","PBMC","Hallmark"
"HALLMARK_MYC_TARGETS_V1",3.32864300197635e-11,1.66432150098817e-09,0.851339057116899,-0.823845490209086,-2.06777437545197,196,"RPS2;RPL34;RPS3;RPL18;RPS6;RPL14;RPS5;RPL6;RACK1;RPLP0;EIF4A1;RPL22;PABPC1;EEF1B2;HNRNPA1;RPS10;PPIA;HSP90AB1;TRA2B;SET;DDX21;SRSF3;SLC25A3;PSMA7;EIF4G2;NPM1;PCBP1;NAP1L1;RNPS1;PGK1;SERBP1;XRCC6;CANX;PSMD7;EIF3D;CNBP;UBE2L3;SNRPA1;PSMB3;SNRPD2;EIF4H;SYNCRIP;PTGES3;SRSF7;HDGF;ILF2;PABPC4;COX5A;RAN;PSMA4;HNRNPR;SRSF2;EIF3B;DDX18;TUFM;HNRNPA3;TRIM28;YWHAE;RSL1D1;FBL;SSB;PWP1;CCT2;PHB2;UBA2;RRM1;HSPE1;PHB;YWHAQ;SSBP1;MRPL23;IFRD1;PSMA2;SNRPD1;PPM1G;LSM7;EIF1AX;CTPS1;MCM6;NHP2;C1QBP;CCT4;CYC1;LDHA;PA2G4;NDUFAB1;SNRPD3;CCT5;PSMD3;CCT7;PSMB2;POLD2;SF3A1;ACP1;DUT;RANBP1;HSPD1;SNRPB2;HNRNPC;GSPT1;USP1;PRPF31;SNRPA","Immediately Post-flight","CD14 Mono","PBMC","Hallmark"
"HALLMARK_APICAL_SURFACE",0.000962979871695521,0.012037248396194,0.477270815362862,0.837338416012991,1.43584759316497,44,"LYN;PLAUR;SULF2;B4GALT1;CROCC;ATP8B1;MAL;FLOT2;CRYBG1;ADIPOR2;NCOA6;APP;IL2RG;IL2RB;GATA3","Long-term Post-flight","CD14 Mono","PBMC","Hallmark"
"HALLMARK_ESTROGEN_RESPONSE_EARLY",0.00035107042523405,0.00585117375390083,0.49849310876659,0.735608625810779,1.42983798707765,191,"CD44;GAB2;BCL2;RRP12;BCL11B;B4GALT1;ELF1;SVIL;SH3BP5;NCOR2;IGF1R;ITPK1;ABAT;KDM4B;FOS;TIAM1;SIAH2;RAB31;ABLIM1;RASGRP1;KLF4;AFF1;RETREG1;FAM102A;NRIP1;MED13L;PAPSS2;AREG;TIPARP;TMEM164;ADCY9;FCMR;TGIF2;LRIG1;MAST4;MYBL1;FLNB;SEC14L2;FKBP5;PPIF;RPS6KA2;ISG20L2;SLC7A5;ELOVL5;CHPT1;SLC19A2;SLC24A3;RARA","Long-term Post-flight","CD14 Mono","PBMC","Hallmark"
"HALLMARK_INFLAMMATORY_RESPONSE",0.00666297601026697,0.0380123538392316,0.407017918923954,0.695505975946952,1.35343166335597,193,"ATP2B1;AHR;NAMPT;KLF6;LYN;PIK3R5;PLAUR;CSF3R;NFKB1;RIPK2;CXCL8;PTPRE;SGMS2;PDE4B;AQP9;EREG;GCH1;TLR2;LCP2;SEMA4D;KIF1B;MXD1;PSEN1;PTAFR;IL1B;RNF144B;SLC31A2;NLRP3;ITGA5;IRF1;ACVR2A;PROK2;C5AR1;RASGRP1;ACVR1B;CD55;SLC7A1;ABCA1;RAF1;IL4R;ATP2A2;IFNGR2;GPR132;IL7R;LDLR;CD69;GPR183;IRAK2;BEST1;LCK;PTGER2;CCR7;MSR1;GNAI3;GNA15;ATP2C1;ABI1;CD82;LPAR1;ICAM1","Long-term Post-flight","CD14 Mono","PBMC","Hallmark"
"HALLMARK_INTERFERON_ALPHA_RESPONSE",0.0013123880590807,0.013123880590807,0.45505986738723,-0.692674234503437,-1.64580221487182,96,"TXNIP;B2M;HLA-C;CD74;IFI30;PARP14;LAP3;PSME2;CD47;IFITM3;TENT5A;IFITM2;CASP1;GBP4;SAMD9L;BST2;GBP2;STAT2;EPSTI1;NUB1;IFI44L;LY6E;TRAFD1;PSME1;SAMD9;IFI44;IFIH1;PARP9;IFITM1;CASP8;PSMB8;PSMB9;ISG15;MX1;NMI;UBE2L6;CMPK2;TAP1;DDX60;ADAR;IRF2;IFIT3;PARP12;MOV10;TRIM21","Long-term Post-flight","CD14 Mono","PBMC","Hallmark"
"HALLMARK_MYC_TARGETS_V1",0.00158670937408088,0.0132225781173407,0.45505986738723,-0.579966638458611,-1.46632957171995,196,"RPS2;RPS3;HNRNPA2B1;RPL34;RPS6;RPL18;RPS5;RPL6;RPL14;CNBP;RPL22;HNRNPC;RPLP0;EEF1B2;HNRNPU;HNRNPA3;SLC25A3;RACK1;HNRNPA1;PPIA;CANX;SET;HNRNPR;PSMA4;HSP90AB1;SRSF1;EIF4G2;EIF4A1;DEK;SSBP1;SRSF3;NAP1L1;XPO1;RPS10;NPM1;HDGF;TARDBP;PSMB3;SF3B3;RSL1D1;SERBP1;PCBP1;COX5A;PSMB2;PRDX3;DUT;SNRPD2;SNRPA;C1QBP;NDUFAB1;RAN;PSMD7;STARD7;PHB2;EIF2S2;CCT5;MRPL23;LDHA;PTGES3;ILF2;G3BP1;HSPE1;CCT7","Long-term Post-flight","CD14 Mono","PBMC","Hallmark"
"HALLMARK_OXIDATIVE_PHOSPHORYLATION",0.00684222369106169,0.0380123538392316,0.407017918923954,-0.548335269432614,-1.4024373186887,200,"NDUFA4;SLC25A3;COX4I1;COX6C;COX7C;ATP5MC2;ATP5F1B;UQCRB;COX8A;ATP5F1A;LRPPRC;ATP6V1G1;SLC25A6;ATP5MG;NDUFA1;COX6A1;ATP5F1E;ATP5MC3;COX7A2;ATP5F1C;NDUFB2;NDUFV2;COX5B;COX6B1;NDUFB7;ATP6V0C;ATP5PB;DLD;NDUFS7;NDUFC2;NDUFB8;ATP6V0B;MDH2;COX5A;COX7B;ATP5PD;ATP5PO;ATP5PF;PRDX3;MRPS22;SUCLG1;SDHA;GPX4;UQCRH;SLC25A5;ATP6V1E1;ATP6AP1;MDH1;ATP5F1D;UQCR10;UQCR11;ATP5MF;ECHS1;NDUFS2;ATP6V1F;UQCRFS1;NDUFS1;BCKDHA;NDUFAB1;MRPS30;HADHA;CASP7;IDH3G;TIMM13;ECH1;ETFB;PHB2;NDUFS8;NDUFA6;NDUFB1;NDUFB5;NDUFA7;LDHA;UQCRQ;IDH2;NNT;MRPL15;AFG3L2;NDUFS6;COX7A2L;NDUFB4;VDAC2;BAX;ACADM;HSD17B10;NDUFV1;FH;TIMM8B;ISCU;LDHB;ATP5MC1;TOMM22;ATP1B1;COX17;TIMM9;PDHB;NDUFB3","Long-term Post-flight","CD14 Mono","PBMC","Hallmark"
"HALLMARK_TNFA_SIGNALING_VIA_NFKB",0.000150420604754514,0.00376051511886284,0.518848077743792,0.742077794699245,1.44443773991253,197,"ATP2B1;CD44;NAMPT;SLC2A3;CD83;KLF6;FOSB;PLAUR;NFKB1;IRS2;RIPK2;NFAT5;PTPRE;B4GALT1;PDE4B;PER1;MCL1;TRIB1;TNFAIP3;NR4A2;TNFAIP8;FOSL1;NFIL3;GCH1;BCL6;TLR2;SOD2;KYNU;TNFAIP2;SGK1;MXD1;IL1B;RELB;FOS;LITAF;G0S2;ETS2;SQSTM1;IRF1;NFE2L2;DUSP1;KLF4;BTG1;ABCA1;CFLAR;EHD1;PPP1R15A;CCNL1;NINJ1;IFNGR2;TANK;IL7R;LDLR;NFKB2;CD69;AREG;TIPARP;JUN;GPR183;FOSL2;KDM6B;MAP3K8;KLF2;REL;ATF3","Long-term Post-flight","CD14 Mono","PBMC","Hallmark"
"HALLMARK_UV_RESPONSE_DN",8.41756722755914e-06,0.000420878361377957,0.593325476396405,0.790125993175548,1.50287317071517,140,"ATP2B1;FYN;RUNX1;NFKB1;CELF2;PRKCE;ZMIZ1;PRKCA;ATXN1;NR1D2;INPP4B;SIPA1L1;TGFBR2;MAP2K5;IGF1R;PRDM2;ANXA2;DLG1;GRK5;RASA2;ABCC1;NR3C1;DUSP1;PEX14;ACVR2A;SLC7A1;SDC2;TGFBR3;WDR37;ATP2B4;TENT4A;ATRN;AKT3;LDLR;CDK13;NIPBL;APBB2;SFMBT1;MGMT;SPOP;DYRK1A;MAPK14;PTPRM;SYNE1;ATP2C1;PPARG;TOGARAM1;LPAR1;SYNJ2;BCKDHB;SMAD3;SCAF8;PTEN","Long-term Post-flight","CD14 Mono","PBMC","Hallmark"
"HALLMARK_WNT_BETA_CATENIN_SIGNALING",0.00567970603937342,0.0380123538392316,0.407017918923954,0.822738409379138,1.39957721795581,41,"CTNNB1;NUMB;ADAM17;RBPJ;TCF7;NCOR2;LEF1;MAML1","Long-term Post-flight","CD14 Mono","PBMC","Hallmark"
"HALLMARK_HYPOXIA",0.00190919364115987,0.0238649205144983,0.45505986738723,-0.662932590059151,-1.53328207684388,192,"S100A4;CDKN1C;BTG1;KLF6;TPI1;GAPDH;DUSP1;PGK1;ENO1;MT2A;HSPA5;PLAC8;PRDX5;MYH9;FOS;CXCR4;PNRC1;ZFP36;MIF;HMOX1;ANXA2;RORA;CHST2;PPP1R15A;BCL2;MXI1;TNFAIP3;ISG20;PIM1;LDHA;NAGK;CDKN1B;JUN;FOSL2;BNIP3L;NDST2;CDKN1A;DDIT4;PFKL;IDS;PLIN2;GLRX;DDIT3;KLHL24;KDM3A;CITED2;GRHPR;GALK1;HEXA;PRKCA;RRAGD;FAM162A;SLC2A3;TGFBI;NFIL3;NOCT","Immediately Post-flight","CD16 Mono","PBMC","Hallmark"
"HALLMARK_MTORC1_SIGNALING",0.00348451290920099,0.0248893779228642,0.431707695803346,-0.645402987103381,-1.4901409181218,198,"CORO1A;IFI30;PPIA;TPI1;GAPDH;FGL2;PGK1;ENO1;ITGB2;CFP;SERP1;SQSTM1;HSPA5;PRDX1;CXCR4;PSMA4;EIF2S2;CALR;HSP90B1;HSPA9;RPN1;ACTR2;TCEA1;SLC9A3R1;PPP1R15A;IDI1;HSPE1;CACYBP;GGA2;ATP5MC1;M6PR;CANX;TUBA4A;PSMA3;SDF2L1;MAP2K3;SEC11A;EBP;EDEM1;NFKBIB;RIT1;LDHA;CCNG1;PSMD12;CYP51A1;ACSL3;BTG2;PDAP1;CCT6A;CDKN1A;ARPC5L;DDIT4;STIP1;PFKL;PSMC2;GLA;SYTL2;G6PD;GLRX;DDIT3;HSPA4;SLC1A5;PSMD13;MTHFD2;XBP1;PSMC4;HSPD1;YKT6;COPS5;SLC2A3;SLC7A5;PSME3;PSMC6;IFRD1;NFIL3;ACLY;SHMT2;TXNRD1;SQLE;UBE2D3;PSMB5;RDH11","Immediately Post-flight","CD16 Mono","PBMC","Hallmark"
"HALLMARK_MYC_TARGETS_V1",1.52176651823949e-13,7.60883259119745e-12,0.943632225232838,-0.870203418025997,-2.00491657739079,196,"RPL34;RPS2;RPS3;RPS6;RPL18;RPL14;RPL6;RPS5;RACK1;EEF1B2;RPL22;PPIA;RPLP0;PABPC1;RPS10;EIF4A1;HSP90AB1;NAP1L1;PSMA7;SLC25A3;PGK1;HNRNPA1;SET;PTGES3;SRSF3;PCBP1;SRSF7;EIF4H;PSMB3;XRCC6;PSMA4;COX5A;SNRPB2;PSMD8;LSM7;SNRPA1;UBE2L3;NPM1;PSMD7;CNBP;DDX18;SRSF2;SSBP1;PSMA2;EIF2S2;SNRPD1;SERBP1;PPM1G;CYC1;DDX21;DEK;SNRPD2;CCT5;TRA2B;EIF3D;RAN;PSMA6;NDUFAB1;SSB;TCP1;TUFM;PSMB2;PRDX3;CBX3;HSPE1;VDAC1;MRPL23;PHB2;EIF4G2;CCT7;HNRNPR;TXNL4A;PHB;HNRNPC;CANX;YWHAE;NCBP2;PWP1;ERH;ILF2;RSL1D1;CCT4;CCT2;DUT;HNRNPD;ACP1;RANBP1;EIF1AX;NHP2;PABPC4;LDHA;SNRPG;SF3B3;YWHAQ;RNPS1;TRIM28;VBP1;UBA2;FBL;APEX1;USP1;C1QBP;SYNCRIP;EIF4E;GSPT1;BUB3;EIF3J;PRPF31;SNRPD3;SF3A1;PA2G4;PSMC4;NOP56;RAD23B;NME1;POLE3;PCNA;MRPS18B;RRM1;PRDX4;HSPD1;MCM6;COPS5;EXOSC7;CCT3;AIMP2;PSMC6;IFRD1;G3BP1;PSMA1;GLO1;RUVBL2;PSMD3","Immediately Post-flight","CD16 Mono","PBMC","Hallmark"
"HALLMARK_OXIDATIVE_PHOSPHORYLATION",9.35017442968076e-08,2.33754360742019e-06,0.704975715167238,-0.788627820071769,-1.82839984486293,200,"ATP5F1E;COX4I1;SLC25A6;COX7C;UQCRB;NDUFA4;ATP6V0C;COX8A;ATP5MG;COX6A1;SLC25A3;COX6B1;COX6C;ATP5MC2;ATP6V1G1;COX7A2;ATP6V0B;COX5B;SLC25A5;UQCR11;NDUFS6;ATP5F1B;COX7B;NDUFA1;NDUFB7;ATP5MF;GPX4;ATP5PO;UQCRH;ATP5F1D;ATP5MC3;NDUFC2;NDUFB8;NDUFB2;UQCRFS1;COX5A;UQCR10;ATP5F1A;VDAC2;BAX;ATP6V1F;ATP5ME;ATP6V0E1;NDUFA6;ECH1;UQCRC1;CYC1;NDUFS7;HSPA9;ATP5PF;NDUFB4;CYCS;NDUFV2;NDUFA3;NDUFA2;ETFB;MDH2;MGST3;ATP6V1E1;NDUFB3;NDUFB6;NDUFAB1;ATP6V1H;UQCRQ;ATP5PD;MDH1;PRDX3;LDHB;VDAC1;ISCU;SDHB;SDHA;PHB2;TOMM22;ATP5PB;NDUFC1;ATP5MC1;NDUFB1;ACAA1;NDUFA7;NDUFB5;IDH3B;POLR2F;ATP6AP1;UQCRC2;LDHA;NDUFS2;CYB5R3;SURF1;ATP5F1C;NDUFV1;MRPS12;TIMM13;TCIRG1;HSD17B10;TIMM10;GRPEL1;NDUFS8;AFG3L2;ECI1;HADHB;OAT;SDHD;ECHS1;ACO2;CASP7;COX7A2L;IDH3G;IDH2;SDHC;ACAA2;SLC25A11;HADHA;MRPS15;NDUFS3;NDUFA5;TIMM17A;FDX1","Immediately Post-flight","CD16 Mono","PBMC","Hallmark"
"HALLMARK_P53_PATHWAY",0.00298651622387679,0.0248893779228642,0.431707695803346,-0.659323213613608,-1.52492704338528,193,"S100A4;RPS12;RPL18;RPL36;RACK1;IFI30;BTG1;S100A10;HINT1;TXNIP;FOS;VAMP8;NINJ1;UPP1;HMOX1;IER5;CTSD;BAX;TOB1;TGFB1;SLC3A2;CASP1;PPP1R15A;MKNK2;LDHB;ISCU;CEBPA;CCNK;DNTTIP2;CD81;PLXNB2;ADA;CCNG1;DCXR;TAP1;MAPKAPK3;SERTAD3;PRMT2;JUN;BTG2;XPC;CDKN1A;DDIT4;DDIT3;IRAK1;POM121;RXRA;RPS27L;PLK3;PCNA;MXD4;FAM162A;DEF6;CCND3;BLCAP;RAB40C;ZFP36L1;TRIAP1;RALGDS;CD82","Immediately Post-flight","CD16 Mono","PBMC","Hallmark"
"HALLMARK_UV_RESPONSE_DN",0.000797841113059278,0.0132973518843213,0.477270815362862,0.697996762642238,1.56142019392111,140,"NOTCH2;ATP2B1;ATXN1;PTEN;CELF2;PDLIM5;MAPK14;NEK7;SIPA1L1;NIPBL;RUNX1;PRKCE;ADD3;MAP2K5;NFKB1;FYN;PHF3;ZMIZ1;ACVR2A;WDR37;ATRX;DLG1;CDK13;KCNMA1;NR3C1;ATRN;IGF1R;BCKDHB;GCNT1;ATP2C1;SPOP;SYNE1;MGMT;MIOS;RASA2;SMAD7;DYRK1A;PRKAR2B;LPAR1;ANXA4;ARHGEF9;SCAF8;VAV2;AGGF1;ABCC1;TGFBR2;MAGI2;CDC42BPA","Immediately Post-flight","CD16 Mono","PBMC","Hallmark"
"HALLMARK_UV_RESPONSE_UP",0.00324827735066148,0.0248893779228642,0.431707695803346,-0.681590453681357,-1.54485503522154,156,"JUNB;CDKN1C;BTG1;TMBIM6;HLA-F;BID;SQSTM1;IRF1;NFKBIA;SOD2;FOS;MGAT1;HMOX1;ATP6V1F;PPP1R2;RHOB;AP2S1;EIF5;DDX21;ARRB2;RPN1;DNAJA1;BSG;GRINA;MRPL23;PRPF3;ACAA1;TUBA4A;SELENOW;TAP1;PPT1;GRPEL1;BTG2;PDAP1;CLTB;STIP1;PSMC3;SULT1A1;RASGRP1;IL6ST;CREG1;CDC34;POLE3;FOSB;UROD;YKT6;STARD3;CCND3;DNAJB1;DGAT1;FKBP4;STK25;PPAT;PRKCD","Immediately Post-flight","CD16 Mono","PBMC","Hallmark"
"HALLMARK_ADIPOGENESIS",0.00954847843349519,0.03978532680623,0.380730400722792,-0.631577028864451,-1.43697786117263,198,"UBC;COX6A1;COX8A;SOD1;COX7B;APLP2;ATP5PO;CHCHD10;NDUFB7;DDT;UQCR11;UQCR10;GPX4;TALDO1;TKT;REEP5;DHRS7;MDH2;GHITM;UCP2;MGST3;CYC1;TOB1;ECH1;UQCRQ;ETFB;CAT;ARL4A;IFNGR1;CCNG2;SUCLG1;IDH3G;NDUFAB1;ATP1B3;UQCRC1;PRDX3;ACAA2;UBQLN1;PLIN2;DNAJC15;ECHS1;PDCD4;SDHC;DLD;PPP1R15B;SQOR;DRAM2;CMPK1;GRPEL1;NDUFA5;SCP2;MRPL15;CD302;DNAJB9;CPT2;JAGN1;SLC25A1;NDUFS3;ABCA1;PFKL;ACLY;SLC1A5;CD151","Long-term Post-flight","CD16 Mono","PBMC","Hallmark"
"HALLMARK_ALLOGRAFT_REJECTION",0.00130110252042933,0.00813189075268334,0.45505986738723,-0.676091199357726,-1.53151134328431,188,"RPS19;B2M;CTSS;RPL39;RPS3A;RPS9;HLA-DRA;RPL9;CD74;HLA-A;TIMP1;HLA-E;GBP2;PSMB10;FLNA;IGSF6;SPI1;SRGN;CFP;ITGB2;PTPN6;PTPRC;NPM1;HLA-DMA;HCLS1;STAT1;CD47;EIF5A;WAS;CCL5;LTB;IFNGR1;GZMA;HLA-DQA1;GPR65;UBE2D1;HLA-DMB;CD3D","Long-term Post-flight","CD16 Mono","PBMC","Hallmark"
"HALLMARK_APICAL_SURFACE",0.00155346874528467,0.00863038191824816,0.45505986738723,0.812986639747381,1.54933376869865,44,"SULF2;LYN;B4GALT1;PLAUR;ATP8B1;CRYBG1;CROCC;ADIPOR2;APP;NCOA6;FLOT2","Long-term Post-flight","CD16 Mono","PBMC","Hallmark"
"HALLMARK_ESTROGEN_RESPONSE_EARLY",0.0012635465183887,0.00813189075268334,0.45505986738723,0.64957767010927,1.51538948078644,191,"SVIL;CD44;NCOR2;ITPK1;GAB2;TIAM1;PAPSS2;B4GALT1;BCL11B;IGF1R;BCL2;KDM4B;AFF1;TMEM164;SH3BP5;MED13L;ADCY9;RRP12;RAB31;ABAT;FDFT1;FKBP5;CHPT1;RASGRP1;RPS6KA2;SIAH2;FAM102A;ELOVL5;CBFA2T3;FCMR;ABLIM1;TGIF2;RETREG1;SLC37A1;AMFR;SNX24;IL6ST;HES1;MAST4;ASB13;KLF10;LRIG1;DHRS3;RARA;OVOL2;ISG20L2;ADD3;ABCA3;SLC1A4","Long-term Post-flight","CD16 Mono","PBMC","Hallmark"
"HALLMARK_INTERFERON_ALPHA_RESPONSE",1.30599822036387e-05,0.000217666370060644,0.593325476396405,-0.852387899791599,-1.8050428308673,96,"B2M;IFITM3;HLA-C;IFITM2;CD74;PSME2;TXNIP;IFI30;PSME1;PSMB9;LY6E;GBP2;PSMB8;GBP4;CASP1;LAP3;BST2;IRF1;ISG15;UBE2L6;OAS1;CD47;IFIT3;IFITM1;TENT5A;SAMD9L;NMI;IFI35;PARP9;PSMA3;SAMD9;EPSTI1;IFIT2;TRAFD1;IRF7;IRF2;ISG20;CASP8;MX1;DDX60;IFI44;STAT2;MOV10;LPAR6;NUB1;TAP1","Long-term Post-flight","CD16 Mono","PBMC","Hallmark"
"HALLMARK_INTERFERON_GAMMA_RESPONSE",0.000576594089448618,0.00576594089448618,0.477270815362862,-0.709420085645704,-1.61207464150439,197,"B2M;IFITM3;HLA-B;IFITM2;HLA-DRB1;CD74;HLA-A;FGL2;PSME2;TXNIP;IFI30;PSME1;PSMB9;LY6E;MT2A;PSMB10;PSMB8;TNFSF10;GBP4;CASP1;LAP3;BST2;VAMP5;SOD2;IRF1;ISG15;UBE2L6;PTPN6;VAMP8;SRI;PSMA2;HLA-DMA;STAT1;IFIT3;CCL5;MYD88;SAMD9L;ARL4A;NMI;SAMHD1;PSMB2;IFI35;RBCK1;GZMA;HLA-DQA1;APOL6;SECTM1;PSMA3;FCGR1A;EPSTI1;IFIT2;TRAFD1;BTG1;OAS2;IRF7;UPP1;IRF2;ISG20;FPR1;CASP4;OAS3;LYSMD2;CASP8;NFKBIA;CASP7;MX1;IL10RA;ZBP1;DDX60;CDKN1A","Long-term Post-flight","CD16 Mono","PBMC","Hallmark"
"HALLMARK_KRAS_SIGNALING_DN",0.00213503841691748,0.0106751920845874,0.431707695803346,0.645290201994693,1.48983700958563,175,"CAMK1D;PTPRJ;ZBTB16;VPS50;CDKAL1;KMT2D;CPEB3;SLC16A7;PRKN;TG;MAST3;NR6A1;DTNB;SIDT1;FGGY;MTHFR;SGK1;SPHK2;GTF3C5;CHRNG;CLSTN3","Long-term Post-flight","CD16 Mono","PBMC","Hallmark"
"HALLMARK_MITOTIC_SPINDLE",0.00115092827921654,0.00813189075268334,0.45505986738723,0.65196312693448,1.52913157821145,199,"MYO9B;DOCK2;NEDD9;SSH2;AKAP13;ABR;TIAM1;FGD4;TRIO;PREX1;DLG1;NOTCH2;EPB41;ARHGEF3;SEPTIN9;ITSN1;NIN;SOS1;CAPZB;FGD6;CLASP1;RASA2;RABGAP1;ROCK1;CNTRL;CDC27;CCDC88A;RANBP9;CSNK1D;ABL1;ARHGEF7;APC;BCR;ARFGEF1;LATS1;CLIP2;MARK4;CLIP1;SUN2;NF1;TLK1;ATG4B;VCL;DOCK4;KIF1B;ARHGEF11;GSN;PXN;ARHGAP4;PAFAH1B1;RAPGEF6;PKD2;RICTOR;PCNT;MYO1E;RAB3GAP1;EZR;TSC1;RASA1;PCM1;PDLIM5;ARHGAP27;TUBGCP2;STAU1;RASAL2;TBCD;HOOK3;MAP3K11;TUBGCP5;PCGF5;DYNC1H1;DST;EPB41L2;CEP250;NCK2;CD2AP;ALS2;INCENP;PALLD;OPHN1;TUBD1;ARHGAP10;RHOT2;KIF5B;CDC42EP4","Long-term Post-flight","CD16 Mono","PBMC","Hallmark"
"HALLMARK_MTORC1_SIGNALING",0.00634590656853879,0.0288450298569945,0.407017918923954,-0.644806220420221,-1.46707720696586,198,"PPIA;FGL2;CORO1A;IFI30;TPI1;PSMA4;PGK1;ENO1;CTSC;PRDX1;SERP1;GAPDH;ACTR3;CFP;ITGB2;HSP90B1;EIF2S2;HSPA5;CALR;M6PR;SEC11A;CACYBP;HSPE1;CCT6A;LDHA;ATP5MC1;CANX;EDEM1;PSMD12;PSMC4;BTG2;PSMA3;PSMD13;SLC9A3R1;GLA;TCEA1;INSIG1;GLRX;LTA4H;TUBA4A;COPS5;UFM1;SDF2L1;HSPD1;HPRT1;PDAP1;GMPS;G6PD;CDKN1A;TES;YKT6;ACTR2;HSPA4;STIP1;DDIT3;PSMC2;IDI1;ARPC5L;EBP;HMGCS1;PFKL;DHFR;ACLY;UCHL5;PSMB5;XBP1;SLC1A5;PPP1R15A;MTHFD2;GSK3B;CXCR4;PPA1;PSMG1;SSR1;SHMT2;ALDOA;FKBP2;ERO1A;DAPP1;QDPR;MAP2K3;SRD5A1;CCNG1","Long-term Post-flight","CD16 Mono","PBMC","Hallmark"
"HALLMARK_MYC_TARGETS_V1",4.49892579356512e-09,1.12473144839128e-07,0.761460801445585,-0.830450879377305,-1.88503008017862,196,"RPL34;RPS2;RPL18;RPS3;RPS6;NAP1L1;RPL6;RPS5;RPL14;PPIA;EEF1B2;RPL22;RACK1;HSP90AB1;RPS10;PSMA4;RPLP0;PSMA7;PGK1;HNRNPC;SLC25A3;PSMB3;PTGES3;HNRNPR;HNRNPA2B1;SET;HNRNPA1;RAN;COX5A;PSMD8;CCT5;EIF4A1;PSMA2;SRSF3;CNBP;EIF4G2;NPM1;SNRPB2;EIF2S2;SSB;SSBP1;CYC1;PCBP1;DEK;PSMA6;SNRPD2;CCT3;HSPE1;LSM7;MRPL23;DDX18;HNRNPU;XRCC6;PPM1G;PSMB2;SNRPG;LDHA;DUT;EIF4H;CANX;C1QBP;PHB2;SNRPD3;SYNCRIP;PSMC4;NDUFAB1;ERH;PRDX3;SERBP1;HNRNPA3;PABPC1;TUFM;RANBP1;SNRPD1;PHB;CCT7;PSMD7;NHP2;ILF2;CCT4;PCNA;PRDX4;YWHAE;TCP1;SF3B3;COPS5;RSL1D1;POLE3;HSPD1;CLNS1A;HPRT1;ACP1;UBE2L3;NCBP2;MRPS18B;BUB3;PA2G4;MRPL9;VDAC1;CBX3;LSM2;GNL3;MCM6;NME1;APEX1","Long-term Post-flight","CD16 Mono","PBMC","Hallmark"
"HALLMARK_OXIDATIVE_PHOSPHORYLATION",1.2365788220321e-09,6.18289411016049e-08,0.788186810800237,-0.833114802650719,-1.89670661844584,200,"SLC25A6;NDUFA4;COX7C;ATP5F1E;UQCRB;COX4I1;COX6A1;COX6C;COX8A;COX7A2;COX6B1;COX5B;NDUFA1;ATP5MG;SLC25A3;COX7B;ATP6V1G1;SLC25A5;ATP5MC2;ATP5MC3;ATP5MF;NDUFB2;ATP5PO;ATP5F1B;ATP6V0C;ATP5F1A;NDUFB7;ATP6V0B;UQCR11;ATP6V0E1;UQCR10;NDUFC2;COX5A;GPX4;UQCRH;NDUFS6;NDUFB8;NDUFS7;ATP5PD;ATP5PF;NDUFA6;MDH2;ATP5PB;UQCRFS1;NDUFB3;ATP5F1D;ATP5F1C;MGST3;NDUFB4;CYC1;ATP6V1F;NDUFA2;NDUFB5;NDUFV2;ECH1;NDUFB1;UQCRQ;ETFB;BAX;NDUFA7;NDUFA3;TOMM22;VDAC2;LDHA;SUCLG1;CYCS;ATP5MC1;HADHA;IDH3G;PHB2;NDUFC1;NDUFAB1;UQCRC1;HSD17B10;PRDX3;NDUFB6;MDH1;POLR2F;ACAA2;NDUFS1;NDUFA8;COX17;ECHS1;SDHC;SURF1;NDUFS2;ISCU;TIMM10;SDHD;LDHB;MRPS12;UQCRC2;TIMM8B;LRPPRC;MRPS30;DLD;MPC1;IDH2;CASP7;ATP5ME;COX7A2L;NDUFS8;NDUFV1;MRPL35;SLC25A11;TIMM13;FDX1;PDHB;GRPEL1;NDUFA5;MRPS22;VDAC1;MRPL15;PDHA1;OXA1L;NDUFA9;FH;PDP1;HCCS;ACADVL;NDUFS3;MRPS15;MRPL34;CYB5R3;MRPL11;IDH3B","Long-term Post-flight","CD16 Mono","PBMC","Hallmark"
"HALLMARK_UV_RESPONSE_DN",3.79363946205554e-05,0.000474204932756943,0.557332238758646,0.741668411702907,1.67839152691798,140,"CELF2;ZMIZ1;FYN;RUNX1;PRKCE;NFKB1;PRKCA;ATXN1;PRDM2;ABCC1;VAV2;ATP2B1;IGF1R;NR1D2;GRK5;PIK3CD;CDK13;DLG1;MAP2K5;TENT4A;NOTCH2;RXRA;INPP4B;RASA2;SMAD3;ATP2B4;TGFBR2;MAPK14;NIPBL;NR3C1;PTEN;NEK7;ATRN;SYNE1;WDR37;ACVR2A;DYRK1A;GCNT1;MGMT;BCKDHB;SFMBT1;ATRX;PEX14;TOGARAM1;ATP2C1;ANXA4;SPOP;LPAR1;PDLIM5;SIPA1L1;TGFBR3","Long-term Post-flight","CD16 Mono","PBMC","Hallmark"
"HALLMARK_ALLOGRAFT_REJECTION",0.00183166361490478,0.0152638634575399,0.45505986738723,-0.654078849892175,-1.56472015988636,188,"RPS19;RPS3A;RPL9;RPL39;RPS9;B2M;HLA-DRA;CD74;HLA-A;GZMB;SRGN;HLA-DMA;LTB;NPM1;IRF7;IRF4;PSMB10;ITGB2;HLA-E;CAPG;TGFB1;SPI1;EIF5A;TAPBP;CFP;TIMP1;FLNA;HLA-DQA1;EIF3D;CXCR3;HLA-DMB;PTPN6;STAT4;CD3D;UBE2N;CCL5;CD4;GPR65;WAS;CD7;MRPL3;TAP1;CSK;DEGS1;IGSF6;ICAM1;CD247;SIT1","Immediately Post-flight","DC","PBMC","Hallmark"
"HALLMARK_HEDGEHOG_SIGNALING",0.000975850509883298,0.00975850509883298,0.477270815362862,0.821558686355311,1.58710889055043,36,"RTN1;RASA1;NF1;NRP1;CDK6;OPHN1;ETS2;UNC5C","Immediately Post-flight","DC","PBMC","Hallmark"
"HALLMARK_MYC_TARGETS_V1",7.36220055373439e-14,3.68110027686719e-12,0.954541630725724,-0.861717585173433,-2.06410040027373,196,"RPS2;RPL34;RPL18;RPS3;RPS6;RPL6;RPLP0;RPS5;RPL22;RACK1;RPL14;EEF1B2;PPIA;RPS10;PABPC1;HNRNPA1;HSP90AB1;EIF4A1;SLC25A3;NPM1;SET;PSMA7;XRCC6;PSMB3;RAN;COX5A;PHB;DDX21;SNRPD2;PCBP1;NAP1L1;PTGES3;PSMA2;PGK1;FBL;PHB2;PSMA4;PPM1G;RNPS1;HNRNPC;PSMB2;SRSF3;APEX1;LSM7;UBE2L3;YWHAE;LDHA;PSMD7;TUFM;SRSF7;EIF4H;EIF1AX;NHP2;EIF3D;CYC1;NDUFAB1;HSPE1;C1QBP;HDGF;TRIM28;SSBP1;SNRPD1;GSPT1;PSMD8;ILF2;CANX;DUT;SERBP1;SNRPA1;SNRPA;RSL1D1;RANBP1;PSMA1;SNRPG;EIF2S2;NOLC1;SSB;CCT7;AP3S1;PA2G4;SNRPD3;EIF4G2;SRSF2;MRPL23;HNRNPR;TCP1;CCT2;ODC1;TXNL4A;LSM2;SNRPB2;EIF3B;ERH;CNBP;GLO1;RRM1;EIF4E;SRM;POLD2;PRDX3;ORC2;USP1;NOP56;NME1;RUVBL2;PRDX4;KPNB1;PCNA;IMPDH2;PSMC4;KPNA2;CDK4;POLE3;DDX18;IFRD1;TOMM70;PSMD3","Immediately Post-flight","DC","PBMC","Hallmark"
"HALLMARK_OXIDATIVE_PHOSPHORYLATION",2.92334102712604e-10,7.3083525678151e-09,0.814035837847908,-0.821382691323618,-1.97772212679094,200,"COX4I1;ATP5F1E;SLC25A6;COX7C;ATP5MC2;ATP5MG;UQCRB;COX8A;NDUFA4;SLC25A5;COX6A1;COX6B1;ATP5F1A;SLC25A3;COX6C;ATP5MC3;NDUFC2;ATP6V0C;ATP6V0B;NDUFA1;ATP5F1D;UQCRH;NDUFB8;COX7A2;LDHB;ATP6V1G1;UQCR11;COX5A;ATP5F1B;COX5B;COX7B;ATP5MF;ATP5ME;NDUFS6;GPX4;ATP5PO;NDUFB2;NDUFB7;MDH2;PHB2;NDUFV2;BAX;ATP6V1F;NDUFS7;ATP5PF;NDUFS4;ATP5PB;LDHA;ATP5F1C;TOMM22;CYCS;UQCR10;ATP5PD;NDUFA2;UQCRC2;ACADVL;NDUFB4;CYC1;UQCRC1;NDUFAB1;COX7A2L;NDUFA3;ECH1;SUCLG1;NDUFA7;NDUFA6;NDUFB3;ETFB;UQCRQ;HSD17B10;NDUFS8;SURF1;CYB5R3;ATP6V0E1;UQCRFS1;VDAC2;TIMM13;NDUFB1;NDUFA5;SDHB;OXA1L;ECHS1;MGST3;ACO2;NDUFC1;TIMM10;COX17;NDUFB6;ATP5MC1;POLR2F;MRPL34;SUPV3L1;IDH3G;TIMM8B;HSPA9;MDH1;IDH3A;MPC1;ATP6AP1;MRPS12;MRPS15;HADHA;ACAA1;SLC25A20;PRDX3;TCIRG1;ATP6V1D;SLC25A11;IDH2;ISCA1;NDUFV1;NDUFS3;OAT;FH;NDUFA8;FDX1;TOMM70;MRPL11;ISCU;RHOT2;NDUFS2;GRPEL1;MRPL35;ATP6V1H;MRPS30;SDHD;HADHB;GOT2;AIFM1;LRPPRC","Immediately Post-flight","DC","PBMC","Hallmark"
"HALLMARK_P53_PATHWAY",0.000768301519334716,0.00960376899168394,0.477270815362862,-0.670972736521591,-1.60984838050618,193,"RPS12;RPL18;RPL36;RACK1;S100A4;HINT1;VAMP8;S100A10;IFI30;BTG1;FOS;LDHB;TGFB1;BAX;DDIT4;IP6K2;BLCAP;MDM2;MKNK2;SAT1;PPP1R15A;CTSD;FAM162A;TRAF4;IRAK1;SLC7A11;TOB1;MXD4;DNTTIP2;CASP1;ST14;TAP1;DCXR;SLC3A2;RPS27L;TAX1BP3;BAIAP2;RAP2B;PCNA;KLF4;PLXNB2;SEC61A1;ACVR1B;SERTAD3;PPM1D;ADA;ISCU;ZMAT3;MAPKAPK3;CCNK;EI24;GADD45A;JUN;TRIAP1;RNF19B;RALGDS;CGRRF1;HRAS;RXRA;BAK1;HBEGF;SP1;SPHK1;CD81;DRAM1;IER3;TPRKB;CDK5R1;DDB2;CEBPA","Immediately Post-flight","DC","PBMC","Hallmark"
"HALLMARK_UV_RESPONSE_DN",0.000457006677463594,0.00761677795772656,0.49849310876659,0.695090623227352,1.62323531633674,140,"ATP2B1;PRKCE;NIPBL;CELF2;NRP1;NOTCH2;RUNX1;ZMIZ1;MAPK14;ATP2C1;DYRK1A;MAP2K5;ATRX;NEK7;SIPA1L1;ATRN;CDK13;PHF3;PRKCA;ATXN1;NR3C1;PTEN;DLG1;FYN;PTPRM;SMAD3;GCNT1;MGLL;WDR37;IGF1R;SDC2;TGFBR2;RBPMS;PLCB4;AKT3;BCKDHB;PRDM2;ATP2B4;ADD3;PDLIM5;ACVR2A;SPOP;SYNE1;MRPS31;ANXA4;TFPI;YTHDC1;ICA1;CDC42BPA;TOGARAM1","Immediately Post-flight","DC","PBMC","Hallmark"
"HALLMARK_ALLOGRAFT_REJECTION",0.00483515803194467,0.0402929835995389,0.407017918923954,-0.670446743772674,-1.49469305400539,188,"RPS3A;RPL39;RPS19;RPL9;B2M;RPS9;HLA-DRA;CD74;GZMB;HLA-A;IRF7;HLA-DMA;NPM1;HLA-DQA1;CAPG;IRF8;PSMB10;LTB;TIMP1;EIF5A;SRGN;SPI1;IGSF6;HLA-DMB;CD4;CTSS;STAT1;CXCR3;EIF3D;PTPRC;ABI1;TAP1;CCL5;CD47;CD3D;DEGS1;GZMA;NME1;WAS;IL16;NCF4;ABCE1;ITGB2;IL18;HCLS1;PTPN6;TAPBP;CFP","Long-term Post-flight","DC","PBMC","Hallmark"
"HALLMARK_MITOTIC_SPINDLE",0.000870551112806756,0.0108818889100845,0.477270815362862,0.643468553148045,1.52330650857091,199,"DOCK2;AKAP13;MYO9B;NEDD9;PREX1;EZR;SSH2;TRIO;ABR;FGD4;ARHGEF3;CNTRL;CAPZB;MYH9;CSNK1D;MYO1E;SEPTIN9;SOS1;EPB41;NOTCH2;BCR;NIN;RAPGEF6;ABL1;DLG1;NF1;TIAM1;CDC27;WASF2;ROCK1;CLASP1;RASA1;APC;ARHGAP4;PKD2;DST;CLIP1;FLNB;SUN2;TLK1;RFC1;RASAL2;HOOK3;NCK2;STAU1;CDK5RAP2;KLC1;MARK4;RABGAP1;TUBGCP3;PCGF5;ITSN1;NUMA1;RASA2;DYNC1H1;PAFAH1B1;RANBP9;PXN;TUBGCP2;FGD6;TSC1;KIF1B;ARHGEF7;PDLIM5;ATG4B;OPHN1;DOCK4;CEP192;ARFGEF1;RHOT2;TBCD;TUBD1;PCNT;ARHGEF11;ARHGAP27;SPTAN1","Long-term Post-flight","DC","PBMC","Hallmark"
"HALLMARK_MYC_TARGETS_V1",8.45724098231797e-11,3.80914328237296e-09,0.839088935621274,-0.856350024154716,-1.92721613857516,196,"RPL6;RPL18;RPS6;RPS3;RPL34;RPS2;RPS5;RPLP0;RPL14;RPL22;EEF1B2;RACK1;PPIA;HNRNPC;RPS10;NPM1;HSP90AB1;HNRNPA1;HNRNPA2B1;SLC25A3;NAP1L1;PSMA7;COX5A;PSMB3;SET;PHB;APEX1;C1QBP;PSMA2;RAN;PHB2;PSMA4;PGK1;PABPC1;HNRNPR;SNRPD2;LSM7;SSBP1;PSMB2;NHP2;ERH;SRSF3;NDUFAB1;EIF4A1;PSMA6;TUFM;SNRPB2;PSMD8;CNBP;HSPE1;CCT3;CYC1;CANX;PRDX3;SERBP1;PCBP1;PTGES3;PPM1G;CCT7;EIF3D;RANBP1;SNRPD1;SSB;HNRNPA3;MRPL23;FBL;XRCC6;EIF4G2;EIF2S2;DUT;SNRPG;LDHA;GLO1;VDAC1;PSMC4;YWHAE;LSM2;UBE2L3;ACP1;ILF2;ODC1;PA2G4;MRPL9;PSMD7;NME1;SNRPD3;PSMD3;HNRNPU;PCNA;MCM6;SNRPA;SYNCRIP;NOLC1;RSL1D1;ABCE1;CCT5;SRM;HDGF;RUVBL2;BUB3;TRIM28;PRDX4;IMPDH2;POLE3;COPS5;MRPS18B;TCP1","Long-term Post-flight","DC","PBMC","Hallmark"
"HALLMARK_OXIDATIVE_PHOSPHORYLATION",1.52365731294918e-10,3.80914328237296e-09,0.826657301178302,-0.853599376957289,-1.92496544836102,200,"ATP5F1E;COX4I1;SLC25A6;ATP5MG;NDUFA4;COX8A;COX7C;UQCRB;COX6A1;SLC25A5;ATP5MC2;COX6B1;ATP5MC3;COX6C;ATP6V1G1;COX7A2;COX5B;ATP5MF;NDUFA1;ATP5F1A;SLC25A3;UQCRH;COX5A;ATP5PO;NDUFC2;NDUFV2;ATP6V0B;LDHB;NDUFB8;ATP5F1D;ATP5PB;ATP5F1B;UQCR11;COX7B;NDUFB2;GPX4;ATP5PF;PHB2;ATP6V1F;ATP6V0E1;ATP5MC1;ATP5F1C;ATP6V0C;UQCR10;NDUFB4;NDUFB7;NDUFS7;MDH2;NDUFA2;NDUFA7;ATP5PD;ECH1;IDH3A;NDUFAB1;COX7A2L;UQCRFS1;NDUFB1;BAX;ATP5ME;NDUFS6;TIMM13;ETFB;CYC1;NDUFS4;PRDX3;UQCRQ;NDUFA6;HSD17B10;MRPL34;TIMM8B;TOMM22;NDUFB3;NDUFA3;NDUFB5;TIMM10;NDUFS8;HADHA;MRPS12;ECHS1;MDH1;COX17;IDH3G;CYCS;LDHA;VDAC1;SURF1;VDAC2;ATP6V1H;MRPL11;NDUFS3;NDUFA5;NDUFA8;UQCRC1;SUCLG1;UQCRC2;MGST3;MRPS30;ISCU;FH;NDUFC1;NDUFB6;OXA1L;PDHB;NDUFS2;ATP6V1E1;ATP6AP1;POLR2F;PDHA1;NDUFA9;CYB5A;MRPL15;MRPS22;LRPPRC;ACADVL;ACAA2;MRPS11;CYB5R3","Long-term Post-flight","DC","PBMC","Hallmark"
"HALLMARK_TNFA_SIGNALING_VIA_NFKB",0.00164371060097805,0.0164371060097805,0.45505986738723,0.639769086480285,1.51326083909363,197,"NAMPT;CD83;ATP2B1;B4GALT1;NR4A3;CD44;TNFAIP8;NFKB1;SLC2A3;PTPRE;AREG;NR4A2;MAP3K8;CCNL1;PER1;SAT1;FOSB;RIPK2;SMAD3;PFKFB3;NFAT5;PLAUR;PDE4B;DUSP1;CFLAR;BCL6;TNFAIP2;IRS2;IRF1;TLR2;TNFAIP3;MXD1;FOSL2;SQSTM1;PMEPA1;KYNU;IL7R;GCH1;KLF2;IL1B;NFKB2;KLF9;IFNGR2;NFE2L2;TIPARP;TANK;STAT5A;RELB;LITAF;PTGS2;TNIP1;KDM6B;SOD2;NR4A1;TRIB1;BIRC3;NFIL3;IL6ST;PDLIM5;DUSP2;TGIF1;JAG1;MAP2K3;ICAM1;DRAM1;DDX58;VEGFA;KLF6;EHD1;TRAF1;RELA;TSC22D1;FOSL1;SOCS3;DUSP4;G0S2;ABCA1;IFIH1;PTGER4","Long-term Post-flight","DC","PBMC","Hallmark"
"HALLMARK_UV_RESPONSE_DN",2.70378602220178e-06,4.50631003700297e-05,0.627256739718528,0.746343980114002,1.67766960422889,140,"CELF2;RUNX1;PRKCE;ATP2B1;PRKCA;ZMIZ1;FYN;NFKB1;TENT4A;CDK13;SMAD3;ATXN1;IGF1R;MAP2K5;PRDM2;ATP2B4;INPP4B;NIPBL;NR1D2;NRP1;PIK3CD;NOTCH2;ABCC1;DUSP1;AKT3;SYNE1;NEK7;DLG1;SIPA1L1;MAPK14;DYRK1A;GRK5;WDR37;PEX14;BCKDHB;ATRN;NR3C1;SLC7A1;ADD3;SFMBT1;RASA2;VAV2;INSIG1;RXRA;YTHDC1;SPOP;TGFBR3;TOGARAM1;PDLIM5;PTPRM;SYNJ2;SDC2;ACVR2A;ATP2C1","Long-term Post-flight","DC","PBMC","Hallmark"
"HALLMARK_COAGULATION",0.000438333375034972,0.01662056179849,0.49849310876659,0.747353881277624,1.32133940624773,129,"PF4;A2M;CLU;CPQ;ITGB3;SPARC;THBS1;FYN;GP9;DPP4;PECAM1;ANXA1;CAPN2;GSN;PLEK;GP1BA;KLF7;CTSH;LTA4H;CTSO;LRP1;SERPINA1;WDR1;LAMP2;PROS1","Immediately Post-flight","other","PBMC","Hallmark"
"HALLMARK_MITOTIC_SPINDLE",0.000664822471939602,0.01662056179849,0.477270815362862,0.718477911864632,1.29930484665803,199,"NCK2;VCL;RASA1;ARHGEF3;RAPGEF6;MYH9;TLK1;PCM1;FLNA;ABI1;DLG1;CNTRL;CDK5RAP2;KIFAP3;NIN;SOS1;CLASP1;APC;WASF2;TUBA4A;DYNC1H1;PPP4R2;ARHGEF12;PCGF5;HOOK3;PALLD;ALMS1;EPB41;RABGAP1;MYH10;PREX1;SPTBN1;LRPPRC;ALS2;TUBGCP3;ARHGAP5;NOTCH2;NEDD9;CTTN;RICTOR;SSH2;GSN;TUBGCP2;NCK1;YWHAE;RASA2;NUMA1;CD2AP;ARF6;TBCD;SPTAN1;SMC1A;ABL1;CCDC88A;CEP192;RANBP9;SEPTIN9;TIAM1;WASL;ARHGEF7;CDC42BPA;KIF5B;PKD2;ITSN1;STK38L;NF1;LATS1;EPB41L2;FGD4;KIF20B;KIF22;RAB3GAP1;EZR;SMC3;KLC1;CEP57;CAPZB;ARHGAP10;DOCK2;ARHGAP4;KIF3B;RHOF;MARK4;PAFAH1B1;CENPE;CDC42;DYNLL2;ARFGEF1;SORBS2;PCNT;DST;KATNA1;STAU1;ARHGEF2;ROCK1;BIN1;PXN;FARP1;RFC1;SUN2;CLIP1;TUBGCP5;CDC27;CENPJ;BCR;CNTROB;CEP250;CKAP5;ARHGAP27","Immediately Post-flight","other","PBMC","Hallmark"
"HALLMARK_UV_RESPONSE_DN",0.00217966840552615,0.0363278067587692,0.431707695803346,0.723236295075394,1.28765135135979,140,"INPP4B;ADD3;PRKAR2B;MAP2K5;SYNE1;MGMT;ITGB3;NEK7;BCKDHB;DLG1;TGFBR3;RUNX1;FYN;IGF1R;SPOP;SFMBT1;PRKCA;SMAD3;CDK13;PHF3;AKT3;PTEN;SCAF8;WDR37;GCNT1;NOTCH2;ATXN1;CDKN1B;MRPS31;PEX14;PIK3CD;LTBP1;RASA2;MGLL;MAPK14;ATRX;AGGF1;ACVR2A;DAB2;ANXA4;GRK5;SMAD7;CDC42BPA;ATP2C1;ATP2B4;NFKB1;NIPBL;ARHGEF9","Immediately Post-flight","other","PBMC","Hallmark"
"HALLMARK_ESTROGEN_RESPONSE_EARLY",0.000210875538780041,0.00351459231300068,0.518848077743792,0.744323637073883,1.33424782687645,191,"SLC24A3;TMEM164;SVIL;MED13L;CHPT1;JAK2;AREG;IGF1R;GAB2;ADD3;BCL2;FOS;AFF1;NCOR2;KDM4B;FAM102A;RETREG1;RAB31;MAST4;FLNB;ABLIM1;SIAH2;RRP12;RASGRP1;ABAT;TIPARP;B4GALT1;ITPK1;SH3BP5;FCMR;CD44;TGIF2;NRIP1;SLC9A3R1;LRIG1;RARA;ADCY9;SLC27A2;ZNF185;FKBP5;FDFT1;BCL11B;IL6ST","Long-term Post-flight","other","PBMC","Hallmark"
"HALLMARK_IL2_STAT5_SIGNALING",0.00463790756799917,0.0463790756799917,0.407017918923954,0.714219420475701,1.28049313434171,198,"HIPK2;PHTF2;IGF1R;RHOH;SLC2A3;BCL2;ADAM19;AHR;IKZF2;KLF6;CCND3;NCOA3;MAP3K8;SNX9;MAPKAPK2;CSF1;FAM126B;SOCS2;NFIL3;FGL2;PRNP;ITGA6;TNFRSF1B;AHNAK;IL18R1;SNX14;TTC39B;NFKBIZ;LRRC8C;POU2F1;MXD1;SELL;IGF2R;DENND5A;PLIN2;IL4R;GLIPR2;CD83;CD44;PLAGL1;ITGAV;HK2;LCLAT1;SYNGR2;GALM;ST3GAL4;IL2RA;IL10RA;PLEC;GABARAPL1;LRIG1;TNFSF11;BMPR2;BCL2L1;SLC39A8;LTB;PTRH2;TRAF1;CD86;PLPP1;CKAP4;P4HA1;ALCAM;HUWE1;SPRED2;NDRG1;ANXA4;CD79B;RNH1;ICOS;DCPS;DHRS3;F2RL2;MAFF;CYFIP1;CCND2;P2RX4;EMP1;CTSZ","Long-term Post-flight","other","PBMC","Hallmark"
"HALLMARK_INFLAMMATORY_RESPONSE",0.00110787474669123,0.0138484343336403,0.45505986738723,0.72493043268922,1.29868984319518,193,"LYN;ITGB8;NAMPT;PTPRE;AHR;KLF6;SEMA4D;PSEN1;ATP2B1;LCP2;IRF1;CSF1;CSF3R;HIF1A;CD14;ABI1;GNAI3;PLAUR;KIF1B;TNFRSF1B;RIPK2;IL18R1;NFKBIA;LDLR;GPR132;RASGRP1;MXD1;RAF1;SELL;EIF2AK2;PDE4B;CCR7;ABCA1;NFKB1;IL4R;TLR2;GCH1;EREG;ATP2A2;IL10RA;ACVR1B;FPR1;IFNGR2;CD82;AQP9;ADGRE1;PTAFR;CYBB;ITGA5;ITGB3;SRI;IL15;NLRP3;TAPBP;ICAM1;ACVR2A;DCBLD2;RHOG;SGMS2;RNF144B;SELENOS;P2RX4;LCK;IFNAR1;RELA;TNFSF10;BST2;IL15RA;BEST1;PROK2;GABBR1;C5AR1;RGS1","Long-term Post-flight","other","PBMC","Hallmark"
"HALLMARK_MITOTIC_SPINDLE",2.19774896434018e-05,0.00109887448217009,0.575610261071129,0.75535230250695,1.35486702466349,199,"NEDD9;MYO9B;PREX1;PDLIM5;MYH9;ARHGEF3;NIN;SSH2;SEPTIN9;FLNA;CAPZB;APC;WASF2;CLASP1;DLG1;SMC4;EZR;AKAP13;NCK2;HOOK3;ABI1;TLK1;VCL;PAFAH1B1;PXN;CLIP1;RASA1;CCDC88A;KIF1B;FLNB;RAB3GAP1;SOS1;CLIP2;ABR;BCR;ARHGDIA;LATS1;TRIO;ALS2;RABGAP1;SUN2;MARCKS;DOCK2;CDC27;KLC1;PKD2;NOTCH2;STAU1;KIF5B;ARHGEF7;ABL1;RFC1;PCGF5;RANBP9;TUBGCP2;SMC1A;ARL8A;ATG4B;CDK5RAP2;CEP192;ARHGEF12;TBCD;ARHGAP27;CD2AP;CSNK1D;CDC42BPA;ARHGAP4;TSC1;KIF20B;KIF3B;TUBGCP5;ALMS1;TUBGCP6;KIFAP3;FGD4;YWHAE;NF1;TUBA4A;NCK1;SPTAN1;WASL;MAPRE1;DYNC1H1;PALLD;ITSN1;CEP57;MYH10","Long-term Post-flight","other","PBMC","Hallmark"
"HALLMARK_TNFA_SIGNALING_VIA_NFKB",4.54202045694462e-05,0.00113550511423615,0.557332238758646,0.75000884753524,1.34461365348985,197,"IRS2;TNFAIP8;AREG;NFAT5;SAT1;PDLIM5;NAMPT;MCL1;PTPRE;SLC2A3;KLF6;NFE2L2;TANK;BIRC3;CFLAR;ATP2B1;FOS;MAP3K8;FOSB;IRF1;CSF1;DUSP1;TNFAIP3;SQSTM1;JUNB;PER1;NFIL3;PLAUR;EHD1;KYNU;RIPK2;SMAD3;NR4A2;NFKBIA;LDLR;MXD1;TIPARP;LITAF;B4GALT1;PDE4B;MARCKS;DENND5A;ABCA1;SOD2;FOSL2;NFKB1;RNF19B;TLR2;KLF9;CD83;TNFAIP2;REL;CD44;B4GALT5;TNIP1;DDX58;GCH1;MAP2K3;FOSL1;RELB;PFKFB3;NR4A3;IFNGR2;ETS2;TRIB1;PPP1R15A;PLEK;IL6ST;BCL6;TSC22D1;SLC2A6;TRAF1;EGR1;CEBPB;ZFP36;ICAM1;NINJ1;CCNL1;KLF2;KLF4;TNIP2;MAFF;SPSB1;DRAM1;SGK1","Long-term Post-flight","other","PBMC","Hallmark"
